Time,AVz,Ay,Steer_SW
            0,             0, 1.69714039657e-05,             0
        0.025, 0.007675035391, 0.00228608446196, -0.00359188928269
         0.05, 0.025680821389, 0.00300563196652, -0.0231479350477
        0.075, 0.0491845607758, 0.00300413719378, -0.0653578341007
          0.1, 0.0755351930857, 0.00279979943298, -0.131188124418
        0.125, 0.102688275278, 0.00267314957455, -0.219068557024
         0.15, 0.128751218319, 0.00272632739507, -0.326608479023
        0.175, 0.152082204819, 0.00294009922072, -0.451424449682
          0.2, 0.171486705542, 0.00322901830077, -0.591429650784
        0.225, 0.186404794455, 0.00348111893982, -0.744816660881
         0.25, 0.196875035763, 0.0036505793687, -0.909919083118
        0.275, 0.203160122037, 0.00373570993543, -1.08502089977
          0.3, 0.205771639943, 0.00373299792409, -1.26819682121
        0.325, 0.205367088318, 0.00366520322859, -1.45726394653
         0.35, 0.202552556992, 0.00357328844257, -1.64982950687
        0.375, 0.19774839282, 0.00349817448296, -1.8434087038
          0.4, 0.191157847643, 0.003465752583, -2.03557467461
        0.425, 0.182809069753, 0.00348148168996, -2.2240960598
         0.45, 0.172642529011, 0.00353229185566, -2.40702533722
        0.475, 0.160600587726, 0.00359305809252, -2.58273124695
          0.5, 0.146698787808, 0.00363481254317, -2.7498831749
        0.525,  0.1310646981, 0.00363251217641, -2.90739917755
         0.55, 0.113940134645, 0.00357012730092, -3.05438566208
        0.575, 0.0956544131041, 0.00344259198755, -3.1900832653
          0.6, 0.0765807777643, 0.00325464177877, -3.31383419037
        0.625, 0.0570903383195, 0.00301753729582, -3.42507338524
         0.65, 0.0375156998634, 0.00274499249645, -3.52334165573
        0.675, 0.0181307103485, 0.00244953529909, -3.60831093788
          0.7, -0.000853533449117, 0.00214014388621, -3.67981004715
        0.725, -0.0192847233266, 0.00182190339547, -3.73784399033
         0.75, -0.0370479039848, 0.00149409030564, -3.78260779381
        0.775, -0.0540388450027, 0.0011532055214, -3.81447696686
          0.8, -0.0701417475939, 0.00079606520012, -3.83397555351
        0.825, -0.0852266848087, 0.000422235345468, -3.84173750877
         0.85, -0.0991585850716, 3.46283486579e-05, -3.83847117424
        0.875, -0.11181178689, -0.000360782461939, -3.82493162155
          0.9, -0.123085096478, -0.000756037130486, -3.80190110207
        0.925, -0.132913172245, -0.0011428645812, -3.7701792717
         0.95, -0.14127150178, -0.00151398289017, -3.73058056831
        0.975, -0.148174926639, -0.0018642245559, -3.68393492699
            1, -0.153666183352, -0.0021913414821, -3.63108944893
        1.025, -0.157801166177, -0.00249457499012, -3.57289934158
         1.05, -0.16063901782, -0.00277384417132, -3.51021766663
        1.075, -0.162237599492, -0.00302901957184, -3.44388461113
          1.1, -0.162652432919, -0.00325955334119, -3.37471580505
        1.125, -0.161938816309, -0.00346433767118, -3.30349493027
         1.15, -0.160154536366, -0.00364211876877, -3.23096728325
        1.175, -0.157361999154, -0.00379179487936, -3.15783834457
          1.2, -0.153624713421, -0.0039133108221, -3.08477210999
        1.225, -0.149007335305, -0.00400564353913, -3.01237940788
         1.25, -0.143581882119, -0.00406742235646, -2.94121336937
        1.275, -0.13743519783, -0.0040982440114, -2.87177419662
          1.3, -0.130666643381, -0.00409900490195, -2.80451226234
        1.325, -0.123384520411, -0.00407169619575, -2.73983263969
         1.35, -0.115699745715, -0.00401924876496, -2.6780936718
        1.375, -0.107719026506, -0.00394514389336, -2.61960506439
          1.4, -0.0995388254523, -0.0038526027929, -2.56462430954
        1.425, -0.091244533658, -0.00374368904158, -2.5133497715
         1.45, -0.082913428545, -0.00361982337199, -2.46592187881
        1.475, -0.0746164247394, -0.00348201137967, -2.42242527008
          1.5, -0.0664187595248, -0.00333114899695, -2.38289523125
        1.525, -0.05837918818, -0.00316830025986, -2.34732341766
         1.55, -0.0505495369434, -0.0029947431758, -2.31566524506
        1.575, -0.0429738014936, -0.00281191291288, -2.28784489632
          1.6, -0.0356873720884, -0.00262161553837, -2.26376032829
        1.625, -0.028718540445, -0.00242483243346, -2.24328160286
         1.65, -0.0220962632447, -0.00222283392213, -2.22626113892
        1.675, -0.0158504582942, -0.00201814598404, -2.21254253387
          1.7, -0.0100076170638, -0.00181372719817, -2.20196557045
        1.725, -0.00458768801764, -0.00161248398945, -2.19436311722
         1.75, 0.000396614224883, -0.00141687050927, -2.18955898285
        1.775, 0.0049383956939, -0.00122858199757, -2.18736505508
          1.8, 0.00903386436403, -0.00104866805486, -2.18758177757
        1.825, 0.012681898661, -0.0008782093646, -2.19000077248
         1.85, 0.0158874485642, -0.000717787246685, -2.19440412521
        1.875, 0.0186608806252, -0.000566966598853, -2.20056200027
          1.9, 0.0210144817829, -0.000425125937909, -2.20823740959
        1.925, 0.0229619126767, -0.000291727948934, -2.2171933651
         1.95, 0.0245183799416, -0.000166427445947, -2.22719740868
        1.975, 0.0257012918591, -4.9231282901e-05, -2.23802900314
            2, 0.0265318732709, 5.95522433287e-05, -2.24948334694
        2.025, 0.0270369462669, 0.000159369898029, -2.26137328148
         2.05, 0.0272472966462, 0.000250266894, -2.27352762222
        2.075, 0.0271921399981, 0.000332446070388, -2.28579378128
          2.1, 0.026895865798, 0.000405350700021, -2.29804396629
        2.125, 0.0263836346567, 0.000468009297037, -2.31017255783
         2.15, 0.0256837159395, 0.000519902387168, -2.32209062576
        2.175, 0.0248259361833, 0.000561069522519, -2.33372163773
          2.2, 0.023839334026, 0.000592160155065, -2.34499526024
        2.225, 0.022749459371, 0.0006142455386, -2.35584616661
         2.25, 0.0215760320425, 0.000628638430499, -2.36621260643
        2.275, 0.0203321482986, 0.000636370386928, -2.37603926659
          2.3, 0.0190273392946, 0.000638036930468, -2.38527750969
        2.325, 0.0176706332713, 0.000634132418782, -2.39388680458
         2.35, 0.0162726510316, 0.000625076354481, -2.40183401108
        2.375, 0.0148464459926, 0.000611350056715, -2.40909457207
          2.4, 0.0134075395763, 0.000593531352933, -2.41565108299
        2.425, 0.0119733139873, 0.000572299468331, -2.42149591446
         2.45, 0.01056144014, 0.00054840487428, -2.42662978172
        2.475, 0.00918600708246, 0.000522804388311, -2.43106460571
          2.5, 0.0078597124666, 0.000495344982482, -2.43482494354
        2.525, 0.00659589702263, 0.000466181634692, -2.43794608116
         2.55, 0.00540811568499, 0.000435602443758, -2.44046974182
        2.575, 0.0043078660965, 0.000404050311772, -2.44244194031
          2.6, 0.00330325285904, 0.000372047390556, -2.44391059875
        2.625, 0.00239804829471, 0.000340120430337, -2.44492316246
         2.65, 0.00159136741422, 0.00030871614581, -2.44552636147
        2.675, 0.000878256862052, 0.00027814405621, -2.44576406479
          2.7, 0.000251835357631, 0.000248467054917, -2.44567775726
        2.725, -0.000297790946206, 0.000220128771616, -2.44530439377
         2.75, -0.00078229198698, 0.000192993073142, -2.44467878342
        2.775, -0.00121227058116, 0.000166756741237, -2.44383478165
          2.8, -0.00159411563072, 0.000141255644849, -2.44280385971
        2.825, -0.00193034508266, 0.000116556548164, -2.44161438942
         2.85, -0.00222032214515, 9.29453162826e-05, -2.44029188156
        2.875, -0.00246205250733, 7.08812003722e-05, -2.43885993958
          2.9, -0.00265487027355, 5.09606579726e-05, -2.43734121323
        2.925, -0.00279842806049, 3.30613693222e-05, -2.4357612133
         2.95, -0.00289168977179, 1.71135670826e-05, -2.43414759636
        2.975, -0.00293292920105, 3.1293388929e-06, -2.43252849579
            3, -0.00292169698514, -8.89363673195e-06, -2.43093132973
        3.025, -0.00284777651541, -1.56182920819e-06, -2.37739253044
         3.05, -0.00227388716303, 0.000169524588273, -2.08915638924
        3.075, 0.000356626696885, 0.000654353352729, -1.47843670845
          3.1, 0.00766481924802, 0.0015646830434, -0.466887116432
        3.125, 0.0234047044069, 0.00301183527336, 1.02053940296
         3.15, 0.052184946835, 0.00500160455704, 3.05484271049
        3.175, 0.0993480235338, 0.00766454171389, 5.70268917084
          3.2, 0.171065747738, 0.0111322859302, 9.02581596375
        3.225, 0.274083554745, 0.0155445123091, 13.0803785324
         3.25, 0.415580034256, 0.02106067352, 17.9163703918
        3.275, 0.603079020977, 0.027850644663, 23.5752277374
          3.3, 0.844343781471, 0.0360508933663, 30.0359420776
        3.325, 1.14685463905, 0.0456807129085, 37.2050323486
         3.35, 1.51660203934, 0.0564568899572, 44.9782714844
        3.375, 1.95642566681, 0.0681618303061, 53.2471046448
          3.4, 2.46768283844, 0.080979667604, 61.9007873535
        3.425,   3.049888134, 0.0947045311332, 70.8269271851
         3.45, 3.69898486137, 0.108557581902, 79.9137496948
        3.475, 4.40689754486, 0.12295743078, 89.0551757812
          3.5, 5.16685199738, 0.137865155935, 98.1499328613
        3.525, 5.96925592422, 0.15335457027, 107.102180481
         3.55, 6.80631113052, 0.169721961021, 115.804542542
        3.575, 7.66996240616, 0.186752095819, 124.109794617
          3.6, 8.55108451843, 0.204274624586, 131.870544434
        3.625,   9.441365242, 0.222270548344,  138.94744873
         3.65, 10.3290071487, 0.239872053266, 145.211044312
        3.675, 11.2002639771, 0.257282733917, 150.546524048
          3.7, 12.0443716049, 0.274995058775, 154.852661133
        3.725, 12.8526363373, 0.292509615421, 158.038406372
         3.75, 13.6194591522, 0.309438318014, 160.022109985
        3.775, 14.3373451233, 0.326163381338, 160.730651855
          3.8, 14.9976425171, 0.342555105686, 160.105102539
        3.825,  15.591925621, 0.358335793018, 158.134780884
         3.85, 16.1133174896, 0.373235553503, 154.834136963
        3.875, 16.5572414398, 0.386561870575, 150.223327637
          3.9, 16.9254722595, 0.397182494402, 144.326202393
        3.925,  17.217130661, 0.406493782997, 137.167770386
         3.95, 17.4229927063, 0.414345234632, 128.776687622
        3.975, 17.5344028473, 0.421273112297, 119.187553406
            4, 17.5446186066, 0.426881849766, 108.438179016
        4.025, 17.4506855011, 0.430920749903, 96.5673294067
         4.05, 17.2469062805, 0.432906478643, 83.6160736084
        4.075, 16.9291152954, 0.432916462421, 69.6752624512
          4.1, 16.4890289307, 0.43067869544, 54.9108963013
        4.125, 15.9140510559, 0.426951438189, 39.4990997314
         4.15, 15.1971664429, 0.419719934464,  23.617515564
        4.175, 14.3431186676, 0.409129291773, 7.44332742691
          4.2,  13.362490654, 0.394642829895, -8.84841346741
        4.225, 12.2678518295, 0.377486109734, -25.0812168121
         4.25, 11.0723438263, 0.358397066593, -41.0785293579
        4.275, 9.78542137146, 0.337500452995, -56.6644287109
          4.3, 8.41146373749,  0.3148047328, -71.6615753174
        4.325, 6.95152568817, 0.290360748768, -85.8968429565
         4.35, 5.40834236145, 0.265028476715, -99.2445678711
        4.375, 3.79241752625, 0.239679485559, -111.604660034
          4.4, 2.11984539032, 0.213974133134, -122.890144348
        4.425, 0.409374088049, 0.188183486462, -133.028717041
         4.45, -1.31719481945, 0.162486761808, -141.96446228
        4.475, -3.03788566589, 0.136404752731, -149.660125732
          4.5, -4.73541021347, 0.110053025186, -156.093505859
        4.525, -6.39105319977, 0.0801533162594, -161.255996704
         4.55, -7.97581529617, 0.0484835542738, -165.152999878
        4.575, -9.48091888428, 0.0165893249214, -167.803771973
          4.6, -10.9009943008, -0.0148404091597, -169.243408203
        4.625, -12.2312736511, -0.0468878522515, -169.522628784
         4.65, -13.4631252289, -0.0788812115788, -168.700485229
        4.675, -14.5937395096, -0.110995195806, -166.842758179
          4.7, -15.614689827, -0.14488838613, -164.020401001
        4.725, -16.5107784271, -0.179795116186, -160.310333252
         4.75, -17.2709445953, -0.216545268893, -155.79737854
        4.775, -17.8811187744, -0.253672003746, -150.572738647
          4.8, -18.3437004089, -0.287953674793, -144.732574463
        4.825, -18.6718635559, -0.319020837545, -138.37272644
         4.85, -18.8791007996, -0.345731347799, -131.585784912
        4.875, -18.9874477386, -0.367199748755, -124.456787109
          4.9, -19.0178947449, -0.385680258274, -117.060516357
        4.925, -18.976020813, -0.403030544519, -109.462623596
         4.95, -18.8623199463, -0.418954819441, -101.722099304
        4.975, -18.6790828705, -0.433474689722, -93.8923339844
            5, -18.4274578094, -0.446391940117, -86.021232605
        5.025, -18.1090984344, -0.457520335913, -78.1520080566
         5.05, -17.7262744904, -0.466592222452, -70.3238983154
        5.075, -17.2826404572, -0.473281234503, -62.5727424622
          5.1, -16.7829036713, -0.47770100832, -54.9310531616
        5.125, -16.2295036316, -0.480001866817, -47.4272842407
         5.15, -15.618727684, -0.481264203787, -40.0862083435
        5.175, -14.9504108429, -0.479019463062, -32.927192688
          5.2, -14.2306566238, -0.472569316626, -25.9663009644
        5.225, -13.4669589996, -0.462790071964, -19.2235851288
         5.25, -12.6694412231, -0.451177865267, -12.7241649628
        5.275, -11.8462791443, -0.438879698515, -6.4955739975
          5.3, -11.003405571, -0.426365166903, -0.565717875957
        5.325, -10.1455802917, -0.414056539536, 5.03924655914
         5.35, -9.27517223358, -0.402024924755, 10.2963809967
        5.375, -8.39432525635, -0.389924287796, 15.1812877655
          5.4, -7.50661039352, -0.377373456955,  19.665605545
        5.425, -6.61682891846, -0.363876968622, 23.7242889404
         5.45, -5.73087596893, -0.34938660264, 27.3354110718
        5.475, -4.85529994965, -0.333992451429, 30.4805183411
          5.5, -3.99717497826, -0.317478001118, 33.1447792053
        5.525, -3.16399407387, -0.300210893154, 35.3173103333
         5.55, -2.36010122299, -0.282693207264, 36.9911842346
        5.575, -1.58966863155, -0.264941871166, 38.1629486084
          5.6, -0.856010973454, -0.24728398025, 38.8327522278
        5.625, -0.162098899484, -0.228874713182, 38.9859466553
         5.65, 0.478563189507, -0.209199339151, 38.5571937561
        5.675, 1.06109714508, -0.190177544951, 37.4774284363
          5.7, 1.58439743519, -0.172170475125, 35.6827545166
        5.725, 2.04614377022, -0.155024945736, 33.1146507263
         5.75, 2.44346475601, -0.139009207487, 29.7202835083
        5.775, 2.77312207222, -0.123944967985, 25.4527378082
          5.8, 3.02773499489, -0.109454281628, 20.2715167999
        5.825, 3.20110464096, -0.0963566154242, 14.1433210373
         5.85, 3.28831362724, -0.0847929120064, 7.04142999649
        5.875, 3.28328371048, -0.0748627632856, -1.03786695004
          5.9, 3.17929029465, -0.0665995702147, -9.9987411499
        5.925, 2.96915507317, -0.0597528927028, -19.7067184448
         5.95, 2.64591646194, -0.053925152868, -30.0222358704
        5.975, 2.20568656921, -0.0501138716936, -40.8025817871
            6, 1.65101289749, -0.0486630350351, -51.905040741
        6.025, 0.984878718853, -0.0494683422148, -63.1881484985
         6.05,  0.2125749439, -0.0523077920079, -74.5130996704
        6.075, -0.659811496735, -0.056590244174, -85.7481460571
          6.1, -1.62868416309, -0.0635339692235, -96.7738189697
        6.125, -2.68839454651, -0.0739753544331, -107.478965759
         6.15, -3.82474541664, -0.0886099040508, -117.722793579
        6.175, -5.01784229279, -0.10658608377, -127.344306946
          6.2, -6.24512767792, -0.126732558012, -136.187652588
        6.225, -7.48486948013, -0.148121744394, -144.105422974
         6.25,  -8.716132164, -0.17027798295, -150.961669922
        6.275, -9.91878032684, -0.192589253187, -156.634536743
          6.3, -11.0799894333, -0.214590013027, -161.017990112
        6.325, -12.1860809326, -0.23647134006, -164.019836426
         6.35, -13.2220153809, -0.25823789835, -165.56288147
        6.375, -14.1740512848, -0.279731303453, -165.585250854
          6.4, -15.0311050415, -0.300115138292, -164.065246582
        6.425, -15.7882299423, -0.31867992878, -161.028488159
         6.45, -16.4406089783, -0.33594173193, -156.511199951
        6.475, -16.9829444885, -0.35186201334, -150.556976318
          6.5, -17.4119586945, -0.365660488605, -143.215652466
        6.525, -17.7272720337, -0.376675516367, -134.54258728
         6.55, -17.9351387024, -0.384732335806, -124.596160889
        6.575, -18.0348701477, -0.39124456048, -113.435058594
          6.6, -18.0216064453, -0.396695375443, -101.119377136
        6.625, -17.8890514374, -0.401112049818, -87.7105789185
         6.65, -17.6307067871, -0.40331274271, -73.2894363403
        6.675, -17.2402687073, -0.40319737792, -58.0158042908
          6.7, -16.7096843719, -0.400799959898, -42.0742073059
        6.725, -16.034948349, -0.397212147713, -25.6521205902
         6.75, -15.2058286667, -0.392918109894, -8.93349170685
        6.775, -14.2172441483, -0.385011970997, 7.90258646011
          6.8, -13.0778484344, -0.372814834118, 24.6833953857
        6.825, -11.8047561646, -0.355994701385, 41.2408485413
         6.85, -10.4159965515, -0.335048526525, 57.4068412781
        6.875, -8.92389965057, -0.310601502657, 73.0088500977
          6.9, -7.33495616913, -0.283913880587, 87.8458633423
        6.925, -5.65912389755, -0.257435560226,  101.64541626
         6.95, -3.91377687454, -0.231723964214, 114.293029785
        6.975, -2.11962080002, -0.207004621625, 125.714424133
            7, -0.303866952658, -0.18289758265, 135.858535767
        7.025, 1.51220071316, -0.157925769687, 144.695205688
         7.05, 3.31006979942, -0.13245280087, 152.208084106
        7.075, 5.07310056686, -0.106387667358, 158.393737793
          7.1, 6.78395938873, -0.0770237669349, 163.260726929
        7.125, 8.41310596466, -0.04557197541, 166.831130981
         7.15,  9.9505777359, -0.013916682452, 169.141311646
        7.175, 11.3916559219, 0.0172038450837, 170.237716675
          7.2, 12.7317314148, 0.0489974878728, 170.175323486
        7.225,  13.962729454, 0.0806507244706, 169.017364502
         7.25, 15.0825557709, 0.112432003021, 166.833892822
        7.275, 16.0830554962, 0.14598827064, 163.700317383
          7.3, 16.9503002167, 0.180806443095, 159.698104858
        7.325, 17.6721057892, 0.217653974891,  154.91633606
         7.35, 18.2348632812, 0.254634916782, 149.451080322
        7.375, 18.6443786621, 0.288483738899, 143.402923584
          7.4, 18.9153499603, 0.318973749876, 136.871063232
        7.425, 19.0640239716, 0.344926267862, 129.950881958
         7.45, 19.1161174774, 0.365384668112, 122.730323792
        7.475, 19.0906791687, 0.383463829756,  115.28578186
          7.5, 18.9926128387, 0.400749772787, 107.684066772
        7.525, 18.8232078552, 0.416601061821, 99.9845733643
         7.55, 18.5855426788, 0.431154966354, 92.2399215698
        7.575, 18.2813529968, 0.444206058979, 84.4961929321
          7.6, 17.9131278992, 0.455498337746, 76.7939147949
        7.625, 17.4839859009, 0.464773148298, 69.1687545776
         7.65, 16.9982452393, 0.471656709909, 61.6521987915
        7.675, 16.4607639313, 0.476053506136,  54.272441864
          7.7, 15.8750648499, 0.478551924229, 47.0553665161
        7.725, 15.2396268845, 0.480043530464, 40.0227661133
         7.75, 14.5553789139, 0.478078961372, 33.1904373169
        7.775, 13.8301620483, 0.472196400166, 26.5703754425
          7.8, 13.0741519928, 0.463085085154,  20.176197052
        7.825, 12.2962503433, 0.451688766479,  14.025680542
         7.85, 11.5027589798, 0.439435869455, 8.14164161682
        7.875, 10.6987829208, 0.427042722702, 2.54841566086
          7.9, 9.88617134094, 0.415076315403, -2.73071813583
        7.925, 9.06534481049, 0.403502523899, -7.67509031296
         7.95, 8.23744773865, 0.391958385706, -12.2675848007
        7.975, 7.40535116196, 0.379932940006, -16.494890213
            8, 6.57337379456, 0.366995155811, -20.3469409943
        8.025,  5.7474322319, 0.353031337261, -23.8163204193
         8.05, 4.93334817886, 0.338021397591, -26.8982448578
        8.075, 4.13785219193, 0.321872353554, -29.5903358459
          8.1, 3.36718225479, 0.304957032204, -31.8933105469
        8.125,  2.6245906353, 0.287710785866, -33.8108062744
         8.15, 1.91302013397, 0.270167320967, -35.349029541
        8.175, 1.23430645466, 0.252630591393, -36.5167198181
          8.2, 0.590236783028, 0.234088465571, -37.3247718811
        8.225, -0.00743725290522, 0.214431509376, -37.7873344421
         8.25, -0.557296872139, 0.195204615593, -37.923160553
        8.275, -1.06113541126, 0.17666643858, -37.7533226013
          8.3, -1.52026891708, 0.15849943459, -37.300693512
        8.325, -1.93582427502, 0.140820726752, -36.5897445679
         8.35, -2.30960869789, 0.123537689447, -35.6460838318
        8.375, -2.64117145538, 0.105970472097, -34.4961433411
          8.4, -2.92897868156, 0.0887260511518, -33.1675605774
        8.425, -3.17500948906, 0.0719156935811, -31.6883468628
         8.45, -3.38064312935, 0.0555393397808, -30.0859546661
        8.475, -3.54746508598, 0.039589561522, -28.3868274689
          8.5, -3.67648506165, 0.0241335146129, -26.6160945892
        8.525, -3.76819849014, 0.00902317557484, -24.7977466583
         8.55, -3.82180404663, -0.00601244298741, -22.9545459747
        8.575, -3.83724594116, -0.0200022086501, -21.1082305908
          8.6, -3.81902503967, -0.032717410475, -19.2790699005
        8.625, -3.77013373375, -0.0443262830377, -17.4852218628
         8.65, -3.69343590736, -0.0548111759126, -15.7429103851
        8.675, -3.59202432632, -0.0640894025564, -14.0663776398
          8.7, -3.46929621696, -0.0721202194691, -12.467798233
        8.725, -3.32872676849, -0.0789001360536, -10.9572019577
         8.75, -3.17371249199, -0.0844623744488, -9.54246234894
        8.775, -3.00743770599, -0.0888616740704, -8.22935390472
          8.8, -2.83281421661, -0.0921645313501, -7.02165126801
        8.825, -2.65246009827, -0.0944413915277, -5.92127466202
         8.85, -2.46870994568, -0.095763027668, -4.92846822739
        8.875, -2.28353261948, -0.0962132811546, -4.04198884964
          8.9, -2.0984621048, -0.0958599671721, -3.25901460648
        8.925, -1.91307938099, -0.0948392003775, -2.57498884201
         8.95, -1.72664904594, -0.0929532647133, -1.98326027393
        8.975, -1.53950202465, -0.0899135023355, -1.47546219826
            9, -1.35484182835, -0.0857277289033, -1.04350316525
        9.025, -1.17697644234, -0.0806940048933, -0.680959403515
         9.05, -1.00979185104, -0.0752427875996, -0.383449584246
        9.075, -0.855768978596, -0.0697876438498, -0.1481513381
          9.1, -0.71566671133, -0.0646209642291, 0.0271163117141
        9.125, -0.588778495789, -0.0598705038428, 0.14483705163
         9.15, -0.473557204008, -0.0555125437677, 0.208451867104
        9.175, -0.368329972029, -0.0514248870313, 0.222573101521
          9.2, -0.271861553192, -0.0474572330713, 0.192773044109
        9.225, -0.18361774087, -0.0434936136007, 0.125100895762
         9.25, -0.103702902794, -0.0394876822829, 0.025545027107
        9.275, -0.0325764603913, -0.0354664735496, -0.100385688245
          9.3, 0.0292922351509, -0.0315079912543, -0.247865796089
        9.325, 0.0816963687539, -0.0277082249522, -0.412743896246
         9.35, 0.124834656715, -0.024150731042, -0.591390132904
        9.375, 0.159303873777, -0.0208870135248, -0.780495047569
          9.4, 0.185978263617, -0.0179305840284, -0.976898312569
        9.425, 0.205835744739, -0.0152628766373, -1.17749512196
         9.45, 0.219792664051, -0.0128462957218, -1.37923145294
        9.475, 0.22859287262, -0.0106389448047, -1.57916843891
          9.5, 0.232769057155, -0.00860639661551, -1.77457654476
        9.525, 0.23267069459, -0.00672825286165, -1.96302032471
         9.55, 0.228540346026, -0.0050003840588, -2.14240670204
        9.575,  0.2206197083, -0.00343464291655, -2.31098937988
          9.6, 0.209257349372, -0.00205344799906, -2.46734404564
        9.625, 0.194961935282, -0.000875603000168, -2.61033701897
         9.65, 0.178360283375, 9.69293396338e-05, -2.73909854889
        9.675, 0.160096287727, 0.000879580911715, -2.85300588608
          9.7, 0.140755787492, 0.00149404909462, -2.95168662071
        9.725, 0.120842345059, 0.00196124217473, -3.03501439095
         9.75, 0.10077945143, 0.00230233347975, -3.10308027267
        9.775, 0.0809081867337, 0.0025349163916, -3.15617156029
          9.8, 0.0615017488599, 0.00267353793606, -3.19474673271
        9.825, 0.0427793040872, 0.00272994069383, -3.21940970421
         9.85, 0.02492040582, 0.00271398480982, -3.23088264465
        9.875, 0.00807374995202, 0.00263480213471, -3.22998070717
          9.9, -0.00764980027452, 0.00250011030585, -3.21761226654
        9.925, -0.0221630111337, 0.00231401878409, -3.19477581978
         9.95, -0.0353791005909, 0.00208182958886, -3.16251993179
        9.975, -0.047206170857, 0.0018116022693, -3.12190437317
           10, -0.0575563013554, 0.00151418230962, -3.07397627831
       10.025, -0.0663597285748, 0.00120203918777, -3.01975750923
        10.05, -0.0735729560256, 0.000887505069841, -2.96024346352
       10.075, -0.0791879296303, 0.000581843021791, -2.89640808105
         10.1, -0.083234809339, 0.000293641031021, -2.82921695709
       10.125, -0.0857915878296, 2.80255535472e-05, -2.75964021683
        10.15, -0.0869615674019, -0.000215494073927, -2.68865799904
       10.175, -0.0868505463004, -0.00043905043276, -2.61723661423
         10.2, -0.0855534896255, -0.000644127896521, -2.54629302025
       10.225, -0.0831561684608, -0.000830584554933, -2.47666740417
        10.25, -0.0797427520156, -0.000996452756226, -2.40909957886
       10.275, -0.0754025131464, -0.00113869761117, -2.34421920776
         10.3, -0.0702325850725, -0.00125424773432, -2.28254199028
       10.325, -0.0643599703908, -0.00133809482213, -2.22448015213
        10.35, -0.0579445064068, -0.00139081245288, -2.17037940025
       10.375, -0.0511553548276, -0.00141546828672, -2.1205265522
         10.4, -0.0441469624639, -0.00141623185482, -2.07514858246
       10.425, -0.0370464846492, -0.00139678269625, -2.03440475464
        10.45, -0.0299503039569, -0.00135958357714, -1.99838447571
       10.475, -0.0229268036783, -0.00130562798586, -1.96710729599
         10.5, -0.0160205904394, -0.0012350960169, -1.94052779675
       10.525, -0.00926851294935, -0.00114661606494, -1.91854453087
        10.55, -0.00271751848049, -0.00103964773007, -1.90102493763
       10.575, 0.00357319181785, -0.000917997385841, -1.88783740997
         10.6, 0.00955063849688, -0.000786567630712, -1.87884807587
       10.625, 0.0151760065928, -0.000650036497973, -1.87390959263
        10.65, 0.0204241760075, -0.000511912512593,  -1.872849226
       10.675, 0.0252803266048, -0.000374215771444, -1.8754581213
         10.7, 0.0297344326973, -0.000237682004808, -1.88148534298
       10.725, 0.0337719991803, -0.000101412158983, -1.89063715935
        10.75, 0.0373619459569, 3.56824311893e-05, -1.90258586407
       10.775, 0.0404535718262, 0.000173036183696, -1.91699373722
         10.8, 0.0429909415543, 0.000305768073304, -1.93354046345
       10.825, 0.0449413172901, 0.000429268344305, -1.95191764832
        10.85, 0.0463026948273, 0.00054016627837, -1.97182011604
       10.875, 0.0471043400466, 0.000637423130684, -1.99293828011
         10.9, 0.0473980903625, 0.000722165044863, -2.0149564743
       10.925, 0.0472468063235, 0.000796974694822, -2.03755784035
        10.95, 0.0467127636075, 0.000864850531798, -2.06043338776
       10.975, 0.0458422005177, 0.000928683090024, -2.08329987526
           11, 0.044664170593, 0.000987197621725, -2.10592865944
       11.025, 0.0432068109512, 0.00103693653364, -2.12814879417
        11.05, 0.0415089838207, 0.00107535382267, -2.1498298645
       11.075, 0.0396170914173, 0.00110110105015, -2.1708650589
         11.1, 0.0375797860324, 0.00111451640259, -2.19115710258
       11.125, 0.0354403108358, 0.00111725903116, -2.21060776711
        11.15, 0.033230304718, 0.00111166771967, -2.22911524773
       11.175, 0.0309629868716, 0.00110036623664, -2.24657583237
         11.2, 0.0286320187151, 0.00108458672184, -2.26289868355
       11.225, 0.0262218620628, 0.00106202834286, -2.27802443504
        11.25, 0.0237306803465, 0.00103101832792, -2.29191565514
       11.275, 0.0211726389825, 0.000990841072053, -2.30454492569
         11.3, 0.0185779426247, 0.000942345126532, -2.31588840485
       11.325, 0.0159866288304, 0.000887709786184, -2.32592201233
        11.35, 0.0134411659092, 0.000829865282867, -2.33462381363
       11.375, 0.0109796384349, 0.000771714025177, -2.34198045731
         11.4, 0.00862802099437, 0.000715793052223, -2.34799432755
       11.425, 0.00639842962846, 0.000662614358589, -2.35269880295
        11.45, 0.00429850351065, 0.000609612616245, -2.3561694622
       11.475, 0.00234352704138, 0.000555307487957, -2.35850787163
         11.5, 0.000552191399038, 0.000499017711263, -2.35982680321
       11.525, -0.00105746090412, 0.000441199226771, -2.36023807526
        11.55, -0.00247333198786, 0.000383128586691, -2.35984444618
       11.575, -0.0036930993665, 0.000326454435708, -2.35873556137
         11.6, -0.00472683180124, 0.000272733333986, -2.35698795319
       11.625, -0.00559931294993, 0.000223304174142, -2.3546693325
        11.65, -0.00634057773277, 0.00017642066814, -2.35185408592
       11.675, -0.00697522237897, 0.000131018721731, -2.34861779213
         11.7, -0.00751862162724, 8.64320245455e-05, -2.34503078461
       11.725, -0.0079777687788, 4.28773491876e-05, -2.34115338326
        11.75, -0.00835317838937, 1.22251833545e-06, -2.33703351021
       11.775, -0.00864176545292, -3.72381073248e-05, -2.33270978928
         11.8, -0.00884001981467, -7.11973407306e-05, -2.32821393013
       11.825, -0.00894611701369, -9.96905655484e-05, -2.32357621193
        11.85, -0.00896180979908, -0.000122120225569, -2.31883049011
       11.875, -0.00889113917947, -0.00013971592125, -2.31402468681
         11.9, -0.00873754080385, -0.000153633154696, -2.30922102928
       11.925, -0.00850375089794, -0.000165086443303, -2.30448722839
        11.95, -0.00819096993655, -0.000174783344846, -2.29988980293
       11.975, -0.00780140468851, -0.000182941919775, -2.29548740387
           12, -0.0073400856927, -0.000189375146874, -2.29132676125
