0 , 0
0.01 , 0
0.02 , 0
0.03 , 0
0.04 , 0
0.05 , 0
0.06 , 0
0.07 , 0
0.08 , 0
0.09 , 0
0.1 , 0
0.11 , 0
0.12 , 0
0.13 , 0
0.14 , 0
0.15 , 0
0.16 , 0
0.17 , 0
0.18 , 0
0.19 , 0
0.2 , 0
0.21 , 0
0.22 , 0
0.23 , 0
0.24 , 0
0.25 , 0
0.26 , 0
0.27 , 0
0.28 , 0
0.29 , 0
0.3 , 0
0.31 , 0
0.32 , 0
0.33 , 0
0.34 , 0
0.35 , 0
0.36 , 0
0.37 , 0
0.38 , 0
0.39 , 0
0.4 , 0
0.41 , 0
0.42 , 0
0.43 , 0
0.44 , 0
0.45 , 0
0.46 , 0
0.47 , 0
0.48 , 0
0.49 , 0
0.5 , 0
0.51 , 0
0.52 , 0
0.53 , 0
0.54 , 0
0.55 , 0
0.56 , 0
0.57 , 0
0.58 , 0
0.59 , 0
0.6 , 0
0.61 , 0
0.62 , 0
0.63 , 0
0.64 , 0
0.65 , 0
0.66 , 0
0.67 , 0
0.68 , 0
0.69 , 0
0.7 , 0
0.71 , 0
0.72 , 0
0.73 , 0
0.74 , 0
0.75 , 0
0.76 , 0
0.77 , 0
0.78 , 0
0.79 , 0
0.8 , 0
0.81 , 0
0.82 , 0
0.83 , 0
0.84 , 0
0.85 , 0
0.86 , 0
0.87 , 0
0.88 , 0
0.89 , 0
0.9 , 0
0.91 , 0
0.92 , 0
0.93 , 0
0.94 , 0
0.95 , 0
0.96 , 0
0.97 , 0
0.98 , 0
0.99 , 0
1 , 0
1.01 , 0
1.02 , 0
1.03 , 0
1.04 , 0
1.05 , 0
1.06 , 0
1.07 , 0
1.08 , 0
1.09 , 0
1.1 , 0
1.11 , 0
1.12 , 0
1.13 , 0
1.14 , 0
1.15 , 0
1.16 , 0
1.17 , 0
1.18 , 0
1.19 , 0
1.2 , 0
1.21 , 0
1.22 , 0
1.23 , 0
1.24 , 0
1.25 , 0
1.26 , 0
1.27 , 0
1.28 , 0
1.29 , 0
1.3 , 0
1.31 , 0
1.32 , 0
1.33 , 0
1.34 , 0
1.35 , 0
1.36 , 0
1.37 , 0
1.38 , 0
1.39 , 0
1.4 , 0
1.41 , 0
1.42 , 0
1.43 , 0
1.44 , 0
1.45 , 0
1.46 , 0
1.47 , 0
1.48 , 0
1.49 , 0
1.5 , 0
1.51 , 0
1.52 , 0
1.53 , 0
1.54 , 0
1.55 , 0
1.56 , 0
1.57 , 0
1.58 , 0
1.59 , 0
1.6 , 0
1.61 , 0
1.62 , 0
1.63 , 0
1.64 , 0
1.65 , 0
1.66 , 0
1.67 , 0
1.68 , 0
1.69 , 0
1.7 , 0
1.71 , 0
1.72 , 0
1.73 , 0
1.74 , 0
1.75 , 0
1.76 , 0
1.77 , 0
1.78 , 0
1.79 , 0
1.8 , 0
1.81 , 0
1.82 , 0
1.83 , 0
1.84 , 0
1.85 , 0
1.86 , 0
1.87 , 0
1.88 , 0
1.89 , 0
1.9 , 0
1.91 , 0
1.92 , 0
1.93 , 0
1.94 , 0
1.95 , 0
1.96 , 0
1.97 , 0
1.98 , 0
1.99 , 0
2 , 0.13503375844
2.01 , 0.270067516879
2.02 , 0.405101275319
2.03 , 0.540135033758
2.04 , 0.675168792198
2.05 , 0.810202550638
2.06 , 0.945236309077
2.07 , 1.08027006752
2.08 , 1.21530382596
2.09 , 1.3503375844
2.1 , 1.48537134284
2.11 , 1.62040510128
2.12 , 1.75543885971
2.13 , 1.89047261815
2.14 , 2.02550637659
2.15 , 2.16054013503
2.16 , 2.29557389347
2.17 , 2.43060765191
2.18 , 2.56564141035
2.19 , 2.70067516879
2.2 , 2.83570892723
2.21 , 2.97074268567
2.22 , 3.10577644411
2.23 , 3.24081020255
2.24 , 3.37584396099
2.25 , 3.51087771943
2.26 , 3.64591147787
2.27 , 3.78094523631
2.28 , 3.91597899475
2.29 , 4.05101275319
2.3 , 4.18604651163
2.31 , 4.32108027007
2.32 , 4.45611402851
2.33 , 4.59114778695
2.34 , 4.72618154539
2.35 , 4.86121530383
2.36 , 4.99624906227
2.37 , 5.13128282071
2.38 , 5.26631657914
2.39 , 5.40135033758
2.4 , 5.53638409602
2.41 , 5.67141785446
2.42 , 5.8064516129
2.43 , 5.94148537134
2.44 , 6.07651912978
2.45 , 6.21155288822
2.46 , 6.34658664666
2.47 , 6.4816204051
2.48 , 6.61665416354
2.49 , 6.75168792198
2.5 , 6.88672168042
2.51 , 7.02175543886
2.52 , 7.1567891973
2.53 , 7.29182295574
2.54 , 7.42685671418
2.55 , 7.56189047262
2.56 , 7.69692423106
2.57 , 7.8319579895
2.58 , 7.96699174794
2.59 , 8.10202550638
2.6 , 8.23705926482
2.61 , 8.37209302326
2.62 , 8.5071267817
2.63 , 8.64216054014
2.64 , 8.77719429857
2.65 , 8.91222805701
2.66 , 9.04726181545
2.67 , 9.18229557389
2.68 , 9.31732933233
2.69 , 9.45236309077
2.7 , 9.58739684921
2.71 , 9.72243060765
2.72 , 9.85746436609
2.73 , 9.99249812453
2.74 , 10.127531883
2.75 , 10.2625656414
2.76 , 10.3975993998
2.77 , 10.5326331583
2.78 , 10.6676669167
2.79 , 10.8027006752
2.8 , 10.9377344336
2.81 , 11.072768192
2.82 , 11.2078019505
2.83 , 11.3428357089
2.84 , 11.4778694674
2.85 , 11.6129032258
2.86 , 11.7479369842
2.87 , 11.8829707427
2.88 , 12.0180045011
2.89 , 12.1530382596
2.9 , 12.288072018
2.91 , 12.4231057764
2.92 , 12.5581395349
2.93 , 12.6931732933
2.94 , 12.8282070518
2.95 , 12.9632408102
2.96 , 13.0982745686
2.97 , 13.2333083271
2.98 , 13.3683420855
2.99 , 13.503375844
3 , 13.6384096024
3.01 , 13.7734433608
3.02 , 13.9084771193
3.03 , 14.0435108777
3.04 , 14.1785446362
3.05 , 14.3135783946
3.06 , 14.448612153
3.07 , 14.5836459115
3.08 , 14.7186796699
3.09 , 14.8537134284
3.1 , 14.9887471868
3.11 , 15.1237809452
3.12 , 15.2588147037
3.13 , 15.3938484621
3.14 , 15.5288822206
3.15 , 15.663915979
3.16 , 15.7989497374
3.17 , 15.9339834959
3.18 , 16.0690172543
3.19 , 16.2040510128
3.2 , 16.3390847712
3.21 , 16.4741185296
3.22 , 16.6091522881
3.23 , 16.7441860465
3.24 , 16.879219805
3.25 , 17.0142535634
3.26 , 17.1492873218
3.27 , 17.2843210803
3.28 , 17.4193548387
3.29 , 17.5543885971
3.3 , 17.6894223556
3.31 , 17.824456114
3.32 , 17.9594898725
3.33 , 18.0945236309
3.34 , 18.2295573893
3.35 , 18.3645911478
3.36 , 18.4996249062
3.37 , 18.6346586647
3.38 , 18.7696924231
3.39 , 18.9047261815
3.4 , 19.03975994
3.41 , 19.1747936984
3.42 , 19.3098274569
3.43 , 19.4448612153
3.44 , 19.5798949737
3.45 , 19.7149287322
3.46 , 19.8499624906
3.47 , 19.9849962491
3.48 , 20.1200300075
3.49 , 20.2550637659
3.5 , 20.3900975244
3.51 , 20.5251312828
3.52 , 20.6601650413
3.53 , 20.7951987997
3.54 , 20.9302325581
3.55 , 21.0652663166
3.56 , 21.200300075
3.57 , 21.3353338335
3.58 , 21.4703675919
3.59 , 21.6054013503
3.6 , 21.7404351088
3.61 , 21.8754688672
3.62 , 22.0105026257
3.63 , 22.1455363841
3.64 , 22.2805701425
3.65 , 22.415603901
3.66 , 22.5506376594
3.67 , 22.6856714179
3.68 , 22.8207051763
3.69 , 22.9557389347
3.7 , 23.0907726932
3.71 , 23.2258064516
3.72 , 23.3608402101
3.73 , 23.4958739685
3.74 , 23.6309077269
3.75 , 23.7659414854
3.76 , 23.9009752438
3.77 , 24.0360090023
3.78 , 24.1710427607
3.79 , 24.3060765191
3.8 , 24.4411102776
3.81 , 24.576144036
3.82 , 24.7111777944
3.83 , 24.8462115529
3.84 , 24.9812453113
3.85 , 25.1162790698
3.86 , 25.2513128282
3.87 , 25.3863465866
3.88 , 25.5213803451
3.89 , 25.6564141035
3.9 , 25.791447862
3.91 , 25.9264816204
3.92 , 26.0615153788
3.93 , 26.1965491373
3.94 , 26.3315828957
3.95 , 26.4666166542
3.96 , 26.6016504126
3.97 , 26.736684171
3.98 , 26.8717179295
3.99 , 27.0067516879
4 , 27.1417854464
4.01 , 27.2768192048
4.02 , 27.4118529632
4.03 , 27.5468867217
4.04 , 27.6819204801
4.05 , 27.8169542386
4.06 , 27.951987997
4.07 , 28.0870217554
4.08 , 28.2220555139
4.09 , 28.3570892723
4.1 , 28.4921230308
4.11 , 28.6271567892
4.12 , 28.7621905476
4.13 , 28.8972243061
4.14 , 29.0322580645
4.15 , 29.167291823
4.16 , 29.3023255814
4.17 , 29.4373593398
4.18 , 29.5723930983
4.19 , 29.7074268567
4.2 , 29.8424606152
4.21 , 29.9774943736
4.22 , 30.112528132
4.23 , 30.2475618905
4.24 , 30.3825956489
4.25 , 30.5176294074
4.26 , 30.6526631658
4.27 , 30.7876969242
4.28 , 30.9227306827
4.29 , 31.0577644411
4.3 , 31.1927981995
4.31 , 31.327831958
4.32 , 31.4628657164
4.33 , 31.5978994749
4.34 , 31.7329332333
4.35 , 31.8679669917
4.36 , 32.0030007502
4.37 , 32.1380345086
4.38 , 32.2730682671
4.39 , 32.4081020255
4.4 , 32.5431357839
4.41 , 32.6781695424
4.42 , 32.8132033008
4.43 , 32.9482370593
4.44 , 33.0832708177
4.45 , 33.2183045761
4.46 , 33.3533383346
4.47 , 33.488372093
4.48 , 33.6234058515
4.49 , 33.7584396099
4.5 , 33.8934733683
4.51 , 34.0285071268
4.52 , 34.1635408852
4.53 , 34.2985746437
4.54 , 34.4336084021
4.55 , 34.5686421605
4.56 , 34.703675919
4.57 , 34.8387096774
4.58 , 34.9737434359
4.59 , 35.1087771943
4.6 , 35.2438109527
4.61 , 35.3788447112
4.62 , 35.5138784696
4.63 , 35.6489122281
4.64 , 35.7839459865
4.65 , 35.9189797449
4.66 , 36.0540135034
4.67 , 36.1890472618
4.68 , 36.3240810203
4.69 , 36.4591147787
4.7 , 36.5941485371
4.71 , 36.7291822956
4.72 , 36.864216054
4.73 , 36.9992498125
4.74 , 37.1342835709
4.75 , 37.2693173293
4.76 , 37.4043510878
4.77 , 37.5393848462
4.78 , 37.6744186047
4.79 , 37.8094523631
4.8 , 37.9444861215
4.81 , 38.07951988
4.82 , 38.2145536384
4.83 , 38.3495873968
4.84 , 38.4846211553
4.85 , 38.6196549137
4.86 , 38.7546886722
4.87 , 38.8897224306
4.88 , 39.024756189
4.89 , 39.1597899475
4.9 , 39.2948237059
4.91 , 39.4298574644
4.92 , 39.5648912228
4.93 , 39.6999249812
4.94 , 39.8349587397
4.95 , 39.9699924981
4.96 , 40.1050262566
4.97 , 40.240060015
4.98 , 40.3750937734
4.99 , 40.5101275319
5 , 40.6451612903
5.01 , 40.7801950488
5.02 , 40.9152288072
5.03 , 41.0502625656
5.04 , 41.1852963241
5.05 , 41.3203300825
5.06 , 41.455363841
5.07 , 41.5903975994
5.08 , 41.7254313578
5.09 , 41.8604651163
5.1 , 41.9954988747
5.11 , 42.1305326332
5.12 , 42.2655663916
5.13 , 42.40060015
5.14 , 42.5356339085
5.15 , 42.6706676669
5.16 , 42.8057014254
5.17 , 42.9407351838
5.18 , 43.0757689422
5.19 , 43.2108027007
5.2 , 43.3458364591
5.21 , 43.4808702176
5.22 , 43.615903976
5.23 , 43.7509377344
5.24 , 43.8859714929
5.25 , 44.0210052513
5.26 , 44.1560390098
5.27 , 44.2910727682
5.28 , 44.4261065266
5.29 , 44.5611402851
5.3 , 44.6961740435
5.31 , 44.831207802
5.32 , 44.9662415604
5.33 , 45.1012753188
5.34 , 45.2363090773
5.35 , 45.3713428357
5.36 , 45.5063765941
5.37 , 45.6414103526
5.38 , 45.776444111
5.39 , 45.9114778695
5.4 , 46.0465116279
5.41 , 46.1815453863
5.42 , 46.3165791448
5.43 , 46.4516129032
5.44 , 46.5866466617
5.45 , 46.7216804201
5.46 , 46.8567141785
5.47 , 46.991747937
5.48 , 47.1267816954
5.49 , 47.2618154539
5.5 , 47.3968492123
5.51 , 47.5318829707
5.52 , 47.6669167292
5.53 , 47.8019504876
5.54 , 47.9369842461
5.55 , 48.0720180045
5.56 , 48.2070517629
5.57 , 48.3420855214
5.58 , 48.4771192798
5.59 , 48.6121530383
5.6 , 48.7471867967
5.61 , 48.8822205551
5.62 , 49.0172543136
5.63 , 49.152288072
5.64 , 49.2873218305
5.65 , 49.4223555889
5.66 , 49.5573893473
5.67 , 49.6924231058
5.68 , 49.8274568642
5.69 , 49.9624906227
5.7 , 50.0975243811
5.71 , 50.2325581395
5.72 , 50.367591898
5.73 , 50.5026256564
5.74 , 50.6376594149
5.75 , 50.7726931733
5.76 , 50.9077269317
5.77 , 51.0427606902
5.78 , 51.1777944486
5.79 , 51.3128282071
5.8 , 51.4478619655
5.81 , 51.5828957239
5.82 , 51.7179294824
5.83 , 51.8529632408
5.84 , 51.9879969992
5.85 , 52.1230307577
5.86 , 52.2580645161
5.87 , 52.3930982746
5.88 , 52.528132033
5.89 , 52.6631657914
5.9 , 52.7981995499
5.91 , 52.9332333083
5.92 , 53.0682670668
5.93 , 53.2033008252
5.94 , 53.3383345836
5.95 , 53.4733683421
5.96 , 53.6084021005
5.97 , 53.743435859
5.98 , 53.8784696174
5.99 , 54.0135033758
6 , 54.1485371343
6.01 , 54.2835708927
6.02 , 54.4186046512
6.03 , 54.5536384096
6.04 , 54.688672168
6.05 , 54.8237059265
6.06 , 54.9587396849
6.07 , 55.0937734434
6.08 , 55.2288072018
6.09 , 55.3638409602
6.1 , 55.4988747187
6.11 , 55.6339084771
6.12 , 55.7689422356
6.13 , 55.903975994
6.14 , 56.0390097524
6.15 , 56.1740435109
6.16 , 56.3090772693
6.17 , 56.4441110278
6.18 , 56.5791447862
6.19 , 56.7141785446
6.2 , 56.8492123031
6.21 , 56.9842460615
6.22 , 57.11927982
6.23 , 57.2543135784
6.24 , 57.3893473368
6.25 , 57.5243810953
6.26 , 57.6594148537
6.27 , 57.7944486122
6.28 , 57.9294823706
6.29 , 58.064516129
6.3 , 58.1995498875
6.31 , 58.3345836459
6.32 , 58.4696174044
6.33 , 58.6046511628
6.34 , 58.7396849212
6.35 , 58.8747186797
6.36 , 59.0097524381
6.37 , 59.1447861965
6.38 , 59.279819955
6.39 , 59.4148537134
6.4 , 59.5498874719
6.41 , 59.6849212303
6.42 , 59.8199549887
6.43 , 59.9549887472
6.44 , 60.0900225056
6.45 , 60.2250562641
6.46 , 60.3600900225
6.47 , 60.4951237809
6.48 , 60.6301575394
6.49 , 60.7651912978
6.5 , 60.9002250563
6.51 , 61.0352588147
6.52 , 61.1702925731
6.53 , 61.3053263316
6.54 , 61.44036009
6.55 , 61.5753938485
6.56 , 61.7104276069
6.57 , 61.8454613653
6.58 , 61.9804951238
6.59 , 62.1155288822
6.6 , 62.2505626407
6.61 , 62.3855963991
6.62 , 62.5206301575
6.63 , 62.655663916
6.64 , 62.7906976744
6.65 , 62.9257314329
6.66 , 63.0607651913
6.67 , 63.1957989497
6.68 , 63.3308327082
6.69 , 63.4658664666
6.7 , 63.6009002251
6.71 , 63.7359339835
6.72 , 63.8709677419
6.73 , 64.0060015004
6.74 , 64.1410352588
6.75 , 64.2760690173
6.76 , 64.4111027757
6.77 , 64.5461365341
6.78 , 64.6811702926
6.79 , 64.816204051
6.8 , 64.9512378095
6.81 , 65.0862715679
6.82 , 65.2213053263
6.83 , 65.3563390848
6.84 , 65.4913728432
6.85 , 65.6264066017
6.86 , 65.7614403601
6.87 , 65.8964741185
6.88 , 66.031507877
6.89 , 66.1665416354
6.9 , 66.3015753938
6.91 , 66.4366091523
6.92 , 66.5716429107
6.93 , 66.7066766692
6.94 , 66.8417104276
6.95 , 66.976744186
6.96 , 67.1117779445
6.97 , 67.2468117029
6.98 , 67.3818454614
6.99 , 67.5168792198
7 , 67.6519129782
7.01 , 67.7869467367
7.02 , 67.9219804951
7.03 , 68.0570142536
7.04 , 68.192048012
7.05 , 68.3270817704
7.06 , 68.4621155289
7.07 , 68.5971492873
7.08 , 68.7321830458
7.09 , 68.8672168042
7.1 , 69.0022505626
7.11 , 69.1372843211
7.12 , 69.2723180795
7.13 , 69.407351838
7.14 , 69.5423855964
7.15 , 69.6774193548
7.16 , 69.8124531133
7.17 , 69.9474868717
7.18 , 70.0825206302
7.19 , 70.2175543886
7.2 , 70.352588147
7.21 , 70.4876219055
7.22 , 70.6226556639
7.23 , 70.7576894224
7.24 , 70.8927231808
7.25 , 71.0277569392
7.26 , 71.1627906977
7.27 , 71.2978244561
7.28 , 71.4328582146
7.29 , 71.567891973
7.3 , 71.7029257314
7.31 , 71.8379594899
7.32 , 71.9729932483
7.33 , 72.1080270068
7.34 , 72.2430607652
7.35 , 72.3780945236
7.36 , 72.5131282821
7.37 , 72.6481620405
7.38 , 72.7831957989
7.39 , 72.9182295574
7.4 , 73.0532633158
7.41 , 73.1882970743
7.42 , 73.3233308327
7.43 , 73.4583645911
7.44 , 73.5933983496
7.45 , 73.728432108
7.46 , 73.8634658665
7.47 , 73.9984996249
7.48 , 74.1335333833
7.49 , 74.2685671418
7.5 , 74.4036009002
7.51 , 74.5386346587
7.52 , 74.6736684171
7.53 , 74.8087021755
7.54 , 74.943735934
7.55 , 75.0787696924
7.56 , 75.2138034509
7.57 , 75.3488372093
7.58 , 75.4838709677
7.59 , 75.6189047262
7.6 , 75.7539384846
7.61 , 75.8889722431
7.62 , 76.0240060015
7.63 , 76.1590397599
7.64 , 76.2940735184
7.65 , 76.4291072768
7.66 , 76.5641410353
7.67 , 76.6991747937
7.68 , 76.8342085521
7.69 , 76.9692423106
7.7 , 77.104276069
7.71 , 77.2393098275
7.72 , 77.3743435859
7.73 , 77.5093773443
7.74 , 77.6444111028
7.75 , 77.7794448612
7.76 , 77.9144786197
7.77 , 78.0495123781
7.78 , 78.1845461365
7.79 , 78.319579895
7.8 , 78.4546136534
7.81 , 78.5896474119
7.82 , 78.7246811703
7.83 , 78.8597149287
7.84 , 78.9947486872
7.85 , 79.1297824456
7.86 , 79.2648162041
7.87 , 79.3998499625
7.88 , 79.5348837209
7.89 , 79.6699174794
7.9 , 79.8049512378
7.91 , 79.9399849962
7.92 , 80.0750187547
7.93 , 80.2100525131
7.94 , 80.3450862716
7.95 , 80.48012003
7.96 , 80.6151537884
7.97 , 80.7501875469
7.98 , 80.8852213053
7.99 , 81.0202550638
8 , 81.1552888222
8.01 , 81.2903225806
8.02 , 81.4253563391
8.03 , 81.5603900975
8.04 , 81.695423856
8.05 , 81.8304576144
8.06 , 81.9654913728
8.07 , 82.1005251313
8.08 , 82.2355588897
8.09 , 82.3705926482
8.1 , 82.5056264066
8.11 , 82.640660165
8.12 , 82.7756939235
8.13 , 82.9107276819
8.14 , 83.0457614404
8.15 , 83.1807951988
8.16 , 83.3158289572
8.17 , 83.4508627157
8.18 , 83.5858964741
8.19 , 83.7209302326
8.2 , 83.855963991
8.21 , 83.9909977494
8.22 , 84.1260315079
8.23 , 84.2610652663
8.24 , 84.3960990248
8.25 , 84.5311327832
8.26 , 84.6661665416
8.27 , 84.8012003001
8.28 , 84.9362340585
8.29 , 85.071267817
8.3 , 85.2063015754
8.31 , 85.3413353338
8.32 , 85.4763690923
8.33 , 85.6114028507
8.34 , 85.7464366092
8.35 , 85.8814703676
8.36 , 86.016504126
8.37 , 86.1515378845
8.38 , 86.2865716429
8.39 , 86.4216054014
8.4 , 86.5566391598
8.41 , 86.6916729182
8.42 , 86.8267066767
8.43 , 86.9617404351
8.44 , 87.0967741935
8.45 , 87.231807952
8.46 , 87.3668417104
8.47 , 87.5018754689
8.48 , 87.6369092273
8.49 , 87.7719429857
8.5 , 87.9069767442
8.51 , 88.0420105026
8.52 , 88.1770442611
8.53 , 88.3120780195
8.54 , 88.4471117779
8.55 , 88.5821455364
8.56 , 88.7171792948
8.57 , 88.8522130533
8.58 , 88.9872468117
8.59 , 89.1222805701
8.6 , 89.2573143286
8.61 , 89.392348087
8.62 , 89.5273818455
8.63 , 89.6624156039
8.64 , 89.7974493623
8.65 , 89.9324831208
8.66 , 90.0675168792
8.67 , 90.2025506377
8.68 , 90.3375843961
8.69 , 90.4726181545
8.7 , 90.607651913
8.71 , 90.7426856714
8.72 , 90.8777194299
8.73 , 91.0127531883
8.74 , 91.1477869467
8.75 , 91.2828207052
8.76 , 91.4178544636
8.77 , 91.5528882221
8.78 , 91.6879219805
8.79 , 91.8229557389
8.8 , 91.9579894974
8.81 , 92.0930232558
8.82 , 92.2280570143
8.83 , 92.3630907727
8.84 , 92.4981245311
8.85 , 92.6331582896
8.86 , 92.768192048
8.87 , 92.9032258065
8.88 , 93.0382595649
8.89 , 93.1732933233
8.9 , 93.3083270818
8.91 , 93.4433608402
8.92 , 93.5783945986
8.93 , 93.7134283571
8.94 , 93.8484621155
8.95 , 93.983495874
8.96 , 94.1185296324
8.97 , 94.2535633908
8.98 , 94.3885971493
8.99 , 94.5236309077
9 , 94.6586646662
9.01 , 94.7936984246
9.02 , 94.928732183
9.03 , 95.0637659415
9.04 , 95.1987996999
9.05 , 95.3338334584
9.06 , 95.4688672168
9.07 , 95.6039009752
9.08 , 95.7389347337
9.09 , 95.8739684921
9.1 , 96.0090022506
9.11 , 96.144036009
9.12 , 96.2790697674
9.13 , 96.4141035259
9.14 , 96.5491372843
9.15 , 96.6841710428
9.16 , 96.8192048012
9.17 , 96.9542385596
9.18 , 97.0892723181
9.19 , 97.2243060765
9.2 , 97.359339835
9.21 , 97.4943735934
9.22 , 97.6294073518
9.23 , 97.7644411103
9.24 , 97.8994748687
9.25 , 98.0345086272
9.26 , 98.1695423856
9.27 , 98.304576144
9.28 , 98.4396099025
9.29 , 98.5746436609
9.3 , 98.7096774194
9.31 , 98.8447111778
9.32 , 98.9797449362
9.33 , 99.1147786947
9.34 , 99.2498124531
9.35 , 99.3848462116
9.36 , 99.51987997
9.37 , 99.6549137284
9.38 , 99.7899474869
9.39 , 99.9249812453
9.4 , 100.060015004
9.41 , 100.195048762
9.42 , 100.330082521
9.43 , 100.465116279
9.44 , 100.600150038
9.45 , 100.735183796
9.46 , 100.870217554
9.47 , 101.005251313
9.48 , 101.140285071
9.49 , 101.27531883
9.5 , 101.410352588
9.51 , 101.545386347
9.52 , 101.680420105
9.53 , 101.815453863
9.54 , 101.950487622
9.55 , 102.08552138
9.56 , 102.220555139
9.57 , 102.355588897
9.58 , 102.490622656
9.59 , 102.625656414
9.6 , 102.760690173
9.61 , 102.895723931
9.62 , 103.030757689
9.63 , 103.165791448
9.64 , 103.300825206
9.65 , 103.435858965
9.66 , 103.570892723
9.67 , 103.705926482
9.68 , 103.84096024
9.69 , 103.975993999
9.7 , 104.111027757
9.71 , 104.246061515
9.72 , 104.381095274
9.73 , 104.516129032
9.74 , 104.651162791
9.75 , 104.786196549
9.76 , 104.921230308
9.77 , 105.056264066
9.78 , 105.191297824
9.79 , 105.326331583
9.8 , 105.461365341
9.81 , 105.5963991
9.82 , 105.731432858
9.83 , 105.866466617
9.84 , 106.001500375
9.85 , 106.136534134
9.86 , 106.271567892
9.87 , 106.40660165
9.88 , 106.541635409
9.89 , 106.676669167
9.9 , 106.811702926
9.91 , 106.946736684
9.92 , 107.081770443
9.93 , 107.216804201
9.94 , 107.351837959
9.95 , 107.486871718
9.96 , 107.621905476
9.97 , 107.756939235
9.98 , 107.891972993
9.99 , 108.027006752
10 , 108.16204051
10.01 , 108.297074269
10.02 , 108.432108027
10.03 , 108.567141785
10.04 , 108.702175544
10.05 , 108.837209302
10.06 , 108.972243061
10.07 , 109.107276819
10.08 , 109.242310578
10.09 , 109.377344336
10.1 , 109.512378095
10.11 , 109.647411853
10.12 , 109.782445611
10.13 , 109.91747937
10.14 , 110.052513128
10.15 , 110.187546887
10.16 , 110.322580645
10.17 , 110.457614404
10.18 , 110.592648162
10.19 , 110.72768192
10.2 , 110.862715679
10.21 , 110.997749437
10.22 , 111.132783196
10.23 , 111.267816954
10.24 , 111.402850713
10.25 , 111.537884471
10.26 , 111.67291823
10.27 , 111.807951988
10.28 , 111.942985746
10.29 , 112.078019505
10.3 , 112.213053263
10.31 , 112.348087022
10.32 , 112.48312078
10.33 , 112.618154539
10.34 , 112.753188297
10.35 , 112.888222056
10.36 , 113.023255814
10.37 , 113.158289572
10.38 , 113.293323331
10.39 , 113.428357089
10.4 , 113.563390848
10.41 , 113.698424606
10.42 , 113.833458365
10.43 , 113.968492123
10.44 , 114.103525881
10.45 , 114.23855964
10.46 , 114.373593398
10.47 , 114.508627157
10.48 , 114.643660915
10.49 , 114.778694674
10.5 , 114.913728432
10.51 , 115.048762191
10.52 , 115.183795949
10.53 , 115.318829707
10.54 , 115.453863466
10.55 , 115.588897224
10.56 , 115.723930983
10.57 , 115.858964741
10.58 , 115.9939985
10.59 , 116.129032258
10.6 , 116.264066017
10.61 , 116.399099775
10.62 , 116.534133533
10.63 , 116.669167292
10.64 , 116.80420105
10.65 , 116.939234809
10.66 , 117.074268567
10.67 , 117.209302326
10.68 , 117.344336084
10.69 , 117.479369842
10.7 , 117.614403601
10.71 , 117.749437359
10.72 , 117.884471118
10.73 , 118.019504876
10.74 , 118.154538635
10.75 , 118.289572393
10.76 , 118.424606152
10.77 , 118.55963991
10.78 , 118.694673668
10.79 , 118.829707427
10.8 , 118.964741185
10.81 , 119.099774944
10.82 , 119.234808702
10.83 , 119.369842461
10.84 , 119.504876219
10.85 , 119.639909977
10.86 , 119.774943736
10.87 , 119.909977494
10.88 , 120.045011253
10.89 , 120.180045011
10.9 , 120.31507877
10.91 , 120.450112528
10.92 , 120.585146287
10.93 , 120.720180045
10.94 , 120.855213803
10.95 , 120.990247562
10.96 , 121.12528132
10.97 , 121.260315079
10.98 , 121.395348837
10.99 , 121.530382596
11 , 121.665416354
11.01 , 121.800450113
11.02 , 121.935483871
11.03 , 122.070517629
11.04 , 122.205551388
11.05 , 122.340585146
11.06 , 122.475618905
11.07 , 122.610652663
11.08 , 122.745686422
11.09 , 122.88072018
11.1 , 123.015753938
11.11 , 123.150787697
11.12 , 123.285821455
11.13 , 123.420855214
11.14 , 123.555888972
11.15 , 123.690922731
11.16 , 123.825956489
11.17 , 123.960990248
11.18 , 124.096024006
11.19 , 124.231057764
11.2 , 124.366091523
11.21 , 124.501125281
11.22 , 124.63615904
11.23 , 124.771192798
11.24 , 124.906226557
11.25 , 125.041260315
11.26 , 125.176294074
11.27 , 125.311327832
11.28 , 125.44636159
11.29 , 125.581395349
11.3 , 125.716429107
11.31 , 125.851462866
11.32 , 125.986496624
11.33 , 126.121530383
11.34 , 126.256564141
11.35 , 126.391597899
11.36 , 126.526631658
11.37 , 126.661665416
11.38 , 126.796699175
11.39 , 126.931732933
11.4 , 127.066766692
11.41 , 127.20180045
11.42 , 127.336834209
11.43 , 127.471867967
11.44 , 127.606901725
11.45 , 127.741935484
11.46 , 127.876969242
11.47 , 128.012003001
11.48 , 128.147036759
11.49 , 128.282070518
11.5 , 128.417104276
11.51 , 128.552138035
11.52 , 128.687171793
11.53 , 128.822205551
11.54 , 128.95723931
11.55 , 129.092273068
11.56 , 129.227306827
11.57 , 129.362340585
11.58 , 129.497374344
11.59 , 129.632408102
11.6 , 129.76744186
11.61 , 129.902475619
11.62 , 130.037509377
11.63 , 130.172543136
11.64 , 130.307576894
11.65 , 130.442610653
11.66 , 130.577644411
11.67 , 130.71267817
11.68 , 130.847711928
11.69 , 130.982745686
11.7 , 131.117779445
11.71 , 131.252813203
11.72 , 131.387846962
11.73 , 131.52288072
11.74 , 131.657914479
11.75 , 131.792948237
11.76 , 131.927981995
11.77 , 132.063015754
11.78 , 132.198049512
11.79 , 132.333083271
11.8 , 132.468117029
11.81 , 132.603150788
11.82 , 132.738184546
11.83 , 132.873218305
11.84 , 133.008252063
11.85 , 133.143285821
11.86 , 133.27831958
11.87 , 133.413353338
11.88 , 133.548387097
11.89 , 133.683420855
11.9 , 133.818454614
11.91 , 133.953488372
11.92 , 134.088522131
11.93 , 134.223555889
11.94 , 134.358589647
11.95 , 134.493623406
11.96 , 134.628657164
11.97 , 134.763690923
11.98 , 134.898724681
11.99 , 135.03375844
12 , 135.168792198
12.01 , 135.303825956
12.02 , 135.438859715
12.03 , 135.573893473
12.04 , 135.708927232
12.05 , 135.84396099
12.06 , 135.978994749
12.07 , 136.114028507
12.08 , 136.249062266
12.09 , 136.384096024
12.1 , 136.519129782
12.11 , 136.654163541
12.12 , 136.789197299
12.13 , 136.924231058
12.14 , 137.059264816
12.15 , 137.194298575
12.16 , 137.329332333
12.17 , 137.464366092
12.18 , 137.59939985
12.19 , 137.734433608
12.2 , 137.869467367
12.21 , 138.004501125
12.22 , 138.139534884
12.23 , 138.274568642
12.24 , 138.409602401
12.25 , 138.544636159
12.26 , 138.679669917
12.27 , 138.814703676
12.28 , 138.949737434
12.29 , 139.084771193
12.3 , 139.219804951
12.31 , 139.35483871
12.32 , 139.489872468
12.33 , 139.624906227
12.34 , 139.759939985
12.35 , 139.894973743
12.36 , 140.030007502
12.37 , 140.16504126
12.38 , 140.300075019
12.39 , 140.435108777
12.4 , 140.570142536
12.41 , 140.705176294
12.42 , 140.840210053
12.43 , 140.975243811
12.44 , 141.110277569
12.45 , 141.245311328
12.46 , 141.380345086
12.47 , 141.515378845
12.48 , 141.650412603
12.49 , 141.785446362
12.5 , 141.92048012
12.51 , 142.055513878
12.52 , 142.190547637
12.53 , 142.325581395
12.54 , 142.460615154
12.55 , 142.595648912
12.56 , 142.730682671
12.57 , 142.865716429
12.58 , 143.000750188
12.59 , 143.135783946
12.6 , 143.270817704
12.61 , 143.405851463
12.62 , 143.540885221
12.63 , 143.67591898
12.64 , 143.810952738
12.65 , 143.945986497
12.66 , 144.081020255
12.67 , 144.216054014
12.68 , 144.351087772
12.69 , 144.48612153
12.7 , 144.621155289
12.71 , 144.756189047
12.72 , 144.891222806
12.73 , 145.026256564
12.74 , 145.161290323
12.75 , 145.296324081
12.76 , 145.431357839
12.77 , 145.566391598
12.78 , 145.701425356
12.79 , 145.836459115
12.8 , 145.971492873
12.81 , 146.106526632
12.82 , 146.24156039
12.83 , 146.376594149
12.84 , 146.511627907
12.85 , 146.646661665
12.86 , 146.781695424
12.87 , 146.916729182
12.88 , 147.051762941
12.89 , 147.186796699
12.9 , 147.321830458
12.91 , 147.456864216
12.92 , 147.591897974
12.93 , 147.726931733
12.94 , 147.861965491
12.95 , 147.99699925
12.96 , 148.132033008
12.97 , 148.267066767
12.98 , 148.402100525
12.99 , 148.537134284
13 , 148.672168042
13.01 , 148.8072018
13.02 , 148.942235559
13.03 , 149.077269317
13.04 , 149.212303076
13.05 , 149.347336834
13.06 , 149.482370593
13.07 , 149.617404351
13.08 , 149.75243811
13.09 , 149.887471868
13.1 , 150.022505626
13.11 , 150.157539385
13.12 , 150.292573143
13.13 , 150.427606902
13.14 , 150.56264066
13.15 , 150.697674419
13.16 , 150.832708177
13.17 , 150.967741935
13.18 , 151.102775694
13.19 , 151.237809452
13.2 , 151.372843211
13.21 , 151.507876969
13.22 , 151.642910728
13.23 , 151.777944486
13.24 , 151.912978245
13.25 , 152.048012003
13.26 , 152.183045761
13.27 , 152.31807952
13.28 , 152.453113278
13.29 , 152.588147037
13.3 , 152.723180795
13.31 , 152.858214554
13.32 , 152.993248312
13.33 , 153.128282071
13.34 , 153.263315829
13.35 , 153.398349587
13.36 , 153.533383346
13.37 , 153.668417104
13.38 , 153.803450863
13.39 , 153.938484621
13.4 , 154.07351838
13.41 , 154.208552138
13.42 , 154.343585896
13.43 , 154.478619655
13.44 , 154.613653413
13.45 , 154.748687172
13.46 , 154.88372093
13.47 , 155.018754689
13.48 , 155.153788447
13.49 , 155.288822206
13.5 , 155.423855964
13.51 , 155.558889722
13.52 , 155.693923481
13.53 , 155.828957239
13.54 , 155.963990998
13.55 , 156.099024756
13.56 , 156.234058515
13.57 , 156.369092273
13.58 , 156.504126032
13.59 , 156.63915979
13.6 , 156.774193548
13.61 , 156.909227307
13.62 , 157.044261065
13.63 , 157.179294824
13.64 , 157.314328582
13.65 , 157.449362341
13.66 , 157.584396099
13.67 , 157.719429857
13.68 , 157.854463616
13.69 , 157.989497374
13.7 , 158.124531133
13.71 , 158.259564891
13.72 , 158.39459865
13.73 , 158.529632408
13.74 , 158.664666167
13.75 , 158.799699925
13.76 , 158.934733683
13.77 , 159.069767442
13.78 , 159.2048012
13.79 , 159.339834959
13.8 , 159.474868717
13.81 , 159.609902476
13.82 , 159.744936234
13.83 , 159.879969992
13.84 , 160.015003751
13.85 , 160.150037509
13.86 , 160.285071268
13.87 , 160.420105026
13.88 , 160.555138785
13.89 , 160.690172543
13.9 , 160.825206302
13.91 , 160.96024006
13.92 , 161.095273818
13.93 , 161.230307577
13.94 , 161.365341335
13.95 , 161.500375094
13.96 , 161.635408852
13.97 , 161.770442611
13.98 , 161.905476369
13.99 , 162.040510128
14 , 162.175543886
14.01 , 162.310577644
14.02 , 162.445611403
14.03 , 162.580645161
14.04 , 162.71567892
14.05 , 162.850712678
14.06 , 162.985746437
14.07 , 163.120780195
14.08 , 163.255813953
14.09 , 163.390847712
14.1 , 163.52588147
14.11 , 163.660915229
14.12 , 163.795948987
14.13 , 163.930982746
14.14 , 164.066016504
14.15 , 164.201050263
14.16 , 164.336084021
14.17 , 164.471117779
14.18 , 164.606151538
14.19 , 164.741185296
14.2 , 164.876219055
14.21 , 165.011252813
14.22 , 165.146286572
14.23 , 165.28132033
14.24 , 165.416354089
14.25 , 165.551387847
14.26 , 165.686421605
14.27 , 165.821455364
14.28 , 165.956489122
14.29 , 166.091522881
14.3 , 166.226556639
14.31 , 166.361590398
14.32 , 166.496624156
14.33 , 166.631657914
14.34 , 166.766691673
14.35 , 166.901725431
14.36 , 167.03675919
14.37 , 167.171792948
14.38 , 167.306826707
14.39 , 167.441860465
14.4 , 167.576894224
14.41 , 167.711927982
14.42 , 167.84696174
14.43 , 167.981995499
14.44 , 168.117029257
14.45 , 168.252063016
14.46 , 168.387096774
14.47 , 168.522130533
14.48 , 168.657164291
14.49 , 168.79219805
14.5 , 168.927231808
14.51 , 169.062265566
14.52 , 169.197299325
14.53 , 169.332333083
14.54 , 169.467366842
14.55 , 169.6024006
14.56 , 169.737434359
14.57 , 169.872468117
14.58 , 170.007501875
14.59 , 170.142535634
14.6 , 170.277569392
14.61 , 170.412603151
14.62 , 170.547636909
14.63 , 170.682670668
14.64 , 170.817704426
14.65 , 170.952738185
14.66 , 171.087771943
14.67 , 171.222805701
14.68 , 171.35783946
14.69 , 171.492873218
14.7 , 171.627906977
14.71 , 171.762940735
14.72 , 171.897974494
14.73 , 172.033008252
14.74 , 172.168042011
14.75 , 172.303075769
14.76 , 172.438109527
14.77 , 172.573143286
14.78 , 172.708177044
14.79 , 172.843210803
14.8 , 172.978244561
14.81 , 173.11327832
14.82 , 173.248312078
14.83 , 173.383345836
14.84 , 173.518379595
14.85 , 173.653413353
14.86 , 173.788447112
14.87 , 173.92348087
14.88 , 174.058514629
14.89 , 174.193548387
14.9 , 174.328582146
14.91 , 174.463615904
14.92 , 174.598649662
14.93 , 174.733683421
14.94 , 174.868717179
14.95 , 175.003750938
14.96 , 175.138784696
14.97 , 175.273818455
14.98 , 175.408852213
14.99 , 175.543885971
15 , 175.67891973
15.01 , 175.813953488
15.02 , 175.948987247
15.03 , 176.084021005
15.04 , 176.219054764
15.05 , 176.354088522
15.06 , 176.489122281
15.07 , 176.624156039
15.08 , 176.759189797
15.09 , 176.894223556
15.1 , 177.029257314
15.11 , 177.164291073
15.12 , 177.299324831
15.13 , 177.43435859
15.14 , 177.569392348
15.15 , 177.704426107
15.16 , 177.839459865
15.17 , 177.974493623
15.18 , 178.109527382
15.19 , 178.24456114
15.2 , 178.379594899
15.21 , 178.514628657
15.22 , 178.649662416
15.23 , 178.784696174
15.24 , 178.919729932
15.25 , 179.054763691
15.26 , 179.189797449
15.27 , 179.324831208
15.28 , 179.459864966
15.29 , 179.594898725
15.3 , 179.729932483
15.31 , 179.864966242
15.32 , 180
15.33 , 180.135033758
15.34 , 180.270067517
15.35 , 180.405101275
15.36 , 180.540135034
15.37 , 180.675168792
15.38 , 180.810202551
15.39 , 180.945236309
15.4 , 181.080270068
15.41 , 181.215303826
15.42 , 181.350337584
15.43 , 181.485371343
15.44 , 181.620405101
15.45 , 181.75543886
15.46 , 181.890472618
15.47 , 182.025506377
15.48 , 182.160540135
15.49 , 182.295573893
15.5 , 182.430607652
15.51 , 182.56564141
15.52 , 182.700675169
15.53 , 182.835708927
15.54 , 182.970742686
15.55 , 183.105776444
15.56 , 183.240810203
15.57 , 183.375843961
15.58 , 183.510877719
15.59 , 183.645911478
15.6 , 183.780945236
15.61 , 183.915978995
15.62 , 184.051012753
15.63 , 184.186046512
15.64 , 184.32108027
15.65 , 184.456114029
15.66 , 184.591147787
15.67 , 184.726181545
15.68 , 184.861215304
15.69 , 184.996249062
15.7 , 185.131282821
15.71 , 185.266316579
15.72 , 185.401350338
15.73 , 185.536384096
15.74 , 185.671417854
15.75 , 185.806451613
15.76 , 185.941485371
15.77 , 186.07651913
15.78 , 186.211552888
15.79 , 186.346586647
15.8 , 186.481620405
15.81 , 186.616654164
15.82 , 186.751687922
15.83 , 186.88672168
15.84 , 187.021755439
15.85 , 187.156789197
15.86 , 187.291822956
15.87 , 187.426856714
15.88 , 187.561890473
15.89 , 187.696924231
15.9 , 187.831957989
15.91 , 187.966991748
15.92 , 188.102025506
15.93 , 188.237059265
15.94 , 188.372093023
15.95 , 188.507126782
15.96 , 188.64216054
15.97 , 188.777194299
15.98 , 188.912228057
15.99 , 189.047261815
16 , 189.182295574
16.01 , 189.317329332
16.02 , 189.452363091
16.03 , 189.587396849
16.04 , 189.722430608
16.05 , 189.857464366
16.06 , 189.992498125
16.07 , 190.127531883
16.08 , 190.262565641
16.09 , 190.3975994
16.1 , 190.532633158
16.11 , 190.667666917
16.12 , 190.802700675
16.13 , 190.937734434
16.14 , 191.072768192
16.15 , 191.20780195
16.16 , 191.342835709
16.17 , 191.477869467
16.18 , 191.612903226
16.19 , 191.747936984
16.2 , 191.882970743
16.21 , 192.018004501
16.22 , 192.15303826
16.23 , 192.288072018
16.24 , 192.423105776
16.25 , 192.558139535
16.26 , 192.693173293
16.27 , 192.828207052
16.28 , 192.96324081
16.29 , 193.098274569
16.3 , 193.233308327
16.31 , 193.368342086
16.32 , 193.503375844
16.33 , 193.638409602
16.34 , 193.773443361
16.35 , 193.908477119
16.36 , 194.043510878
16.37 , 194.178544636
16.38 , 194.313578395
16.39 , 194.448612153
16.4 , 194.583645911
16.41 , 194.71867967
16.42 , 194.853713428
16.43 , 194.988747187
16.44 , 195.123780945
16.45 , 195.258814704
16.46 , 195.393848462
16.47 , 195.528882221
16.48 , 195.663915979
16.49 , 195.798949737
16.5 , 195.933983496
16.51 , 196.069017254
16.52 , 196.204051013
16.53 , 196.339084771
16.54 , 196.47411853
16.55 , 196.609152288
16.56 , 196.744186047
16.57 , 196.879219805
16.58 , 197.014253563
16.59 , 197.149287322
16.6 , 197.28432108
16.61 , 197.419354839
16.62 , 197.554388597
16.63 , 197.689422356
16.64 , 197.824456114
16.65 , 197.959489872
16.66 , 198.094523631
16.67 , 198.229557389
16.68 , 198.364591148
16.69 , 198.499624906
16.7 , 198.634658665
16.71 , 198.769692423
16.72 , 198.904726182
16.73 , 199.03975994
16.74 , 199.174793698
16.75 , 199.309827457
16.76 , 199.444861215
16.77 , 199.579894974
16.78 , 199.714928732
16.79 , 199.849962491
16.8 , 199.984996249
16.81 , 200.120030008
16.82 , 200.255063766
16.83 , 200.390097524
16.84 , 200.525131283
16.85 , 200.660165041
16.86 , 200.7951988
16.87 , 200.930232558
16.88 , 201.065266317
16.89 , 201.200300075
16.9 , 201.335333833
16.91 , 201.470367592
16.92 , 201.60540135
16.93 , 201.740435109
16.94 , 201.875468867
16.95 , 202.010502626
16.96 , 202.145536384
16.97 , 202.280570143
16.98 , 202.415603901
16.99 , 202.550637659
17 , 202.685671418
17.01 , 202.820705176
17.02 , 202.955738935
17.03 , 203.090772693
17.04 , 203.225806452
17.05 , 203.36084021
17.06 , 203.495873968
17.07 , 203.630907727
17.08 , 203.765941485
17.09 , 203.900975244
17.1 , 204.036009002
17.11 , 204.171042761
17.12 , 204.306076519
17.13 , 204.441110278
17.14 , 204.576144036
17.15 , 204.711177794
17.16 , 204.846211553
17.17 , 204.981245311
17.18 , 205.11627907
17.19 , 205.251312828
17.2 , 205.386346587
17.21 , 205.521380345
17.22 , 205.656414104
17.23 , 205.791447862
17.24 , 205.92648162
17.25 , 206.061515379
17.26 , 206.196549137
17.27 , 206.331582896
17.28 , 206.466616654
17.29 , 206.601650413
17.3 , 206.736684171
17.31 , 206.871717929
17.32 , 207.006751688
17.33 , 207.141785446
17.34 , 207.276819205
17.35 , 207.411852963
17.36 , 207.546886722
17.37 , 207.68192048
17.38 , 207.816954239
17.39 , 207.951987997
17.4 , 208.087021755
17.41 , 208.222055514
17.42 , 208.357089272
17.43 , 208.492123031
17.44 , 208.627156789
17.45 , 208.762190548
17.46 , 208.897224306
17.47 , 209.032258065
17.48 , 209.167291823
17.49 , 209.302325581
17.5 , 209.43735934
17.51 , 209.572393098
17.52 , 209.707426857
17.53 , 209.842460615
17.54 , 209.977494374
17.55 , 210.112528132
17.56 , 210.24756189
17.57 , 210.382595649
17.58 , 210.517629407
17.59 , 210.652663166
17.6 , 210.787696924
17.61 , 210.922730683
17.62 , 211.057764441
17.63 , 211.1927982
17.64 , 211.327831958
17.65 , 211.462865716
17.66 , 211.597899475
17.67 , 211.732933233
17.68 , 211.867966992
17.69 , 212.00300075
17.7 , 212.138034509
17.71 , 212.273068267
17.72 , 212.408102026
17.73 , 212.543135784
17.74 , 212.678169542
17.75 , 212.813203301
17.76 , 212.948237059
17.77 , 213.083270818
17.78 , 213.218304576
17.79 , 213.353338335
17.8 , 213.488372093
17.81 , 213.623405851
17.82 , 213.75843961
17.83 , 213.893473368
17.84 , 214.028507127
17.85 , 214.163540885
17.86 , 214.298574644
17.87 , 214.433608402
17.88 , 214.568642161
17.89 , 214.703675919
17.9 , 214.838709677
17.91 , 214.973743436
17.92 , 215.108777194
17.93 , 215.243810953
17.94 , 215.378844711
17.95 , 215.51387847
17.96 , 215.648912228
17.97 , 215.783945986
17.98 , 215.918979745
17.99 , 216.054013503
18 , 216.189047262
18.01 , 216.32408102
18.02 , 216.459114779
18.03 , 216.594148537
18.04 , 216.729182296
18.05 , 216.864216054
18.06 , 216.999249812
18.07 , 217.134283571
18.08 , 217.269317329
18.09 , 217.404351088
18.1 , 217.539384846
18.11 , 217.674418605
18.12 , 217.809452363
18.13 , 217.944486122
18.14 , 218.07951988
18.15 , 218.214553638
18.16 , 218.349587397
18.17 , 218.484621155
18.18 , 218.619654914
18.19 , 218.754688672
18.2 , 218.889722431
18.21 , 219.024756189
18.22 , 219.159789947
18.23 , 219.294823706
18.24 , 219.429857464
18.25 , 219.564891223
18.26 , 219.699924981
18.27 , 219.83495874
18.28 , 219.969992498
18.29 , 220.105026257
18.3 , 220.240060015
18.31 , 220.375093773
18.32 , 220.510127532
18.33 , 220.64516129
18.34 , 220.780195049
18.35 , 220.915228807
18.36 , 221.050262566
18.37 , 221.185296324
18.38 , 221.320330083
18.39 , 221.455363841
18.4 , 221.590397599
18.41 , 221.725431358
18.42 , 221.860465116
18.43 , 221.995498875
18.44 , 222.130532633
18.45 , 222.265566392
18.46 , 222.40060015
18.47 , 222.535633908
18.48 , 222.670667667
18.49 , 222.805701425
18.5 , 222.940735184
18.51 , 223.075768942
18.52 , 223.210802701
18.53 , 223.345836459
18.54 , 223.480870218
18.55 , 223.615903976
18.56 , 223.750937734
18.57 , 223.885971493
18.58 , 224.021005251
18.59 , 224.15603901
18.6 , 224.291072768
18.61 , 224.426106527
18.62 , 224.561140285
18.63 , 224.696174044
18.64 , 224.831207802
18.65 , 224.96624156
18.66 , 225.101275319
18.67 , 225.236309077
18.68 , 225.371342836
18.69 , 225.506376594
18.7 , 225.641410353
18.71 , 225.776444111
18.72 , 225.911477869
18.73 , 226.046511628
18.74 , 226.181545386
18.75 , 226.316579145
18.76 , 226.451612903
18.77 , 226.586646662
18.78 , 226.72168042
18.79 , 226.856714179
18.8 , 226.991747937
18.81 , 227.126781695
18.82 , 227.261815454
18.83 , 227.396849212
18.84 , 227.531882971
18.85 , 227.666916729
18.86 , 227.801950488
18.87 , 227.936984246
18.88 , 228.072018005
18.89 , 228.207051763
18.9 , 228.342085521
18.91 , 228.47711928
18.92 , 228.612153038
18.93 , 228.747186797
18.94 , 228.882220555
18.95 , 229.017254314
18.96 , 229.152288072
18.97 , 229.28732183
18.98 , 229.422355589
18.99 , 229.557389347
19 , 229.692423106
19.01 , 229.827456864
19.02 , 229.962490623
19.03 , 230.097524381
19.04 , 230.23255814
19.05 , 230.367591898
19.06 , 230.502625656
19.07 , 230.637659415
19.08 , 230.772693173
19.09 , 230.907726932
19.1 , 231.04276069
19.11 , 231.177794449
19.12 , 231.312828207
19.13 , 231.447861965
19.14 , 231.582895724
19.15 , 231.717929482
19.16 , 231.852963241
19.17 , 231.987996999
19.18 , 232.123030758
19.19 , 232.258064516
19.2 , 232.393098275
19.21 , 232.528132033
19.22 , 232.663165791
19.23 , 232.79819955
19.24 , 232.933233308
19.25 , 233.068267067
19.26 , 233.203300825
19.27 , 233.338334584
19.28 , 233.473368342
19.29 , 233.608402101
19.3 , 233.743435859
19.31 , 233.878469617
19.32 , 234.013503376
19.33 , 234.148537134
19.34 , 234.283570893
19.35 , 234.418604651
19.36 , 234.55363841
19.37 , 234.688672168
19.38 , 234.823705926
19.39 , 234.958739685
19.4 , 235.093773443
19.41 , 235.228807202
19.42 , 235.36384096
19.43 , 235.498874719
19.44 , 235.633908477
19.45 , 235.768942236
19.46 , 235.903975994
19.47 , 236.039009752
19.48 , 236.174043511
19.49 , 236.309077269
19.5 , 236.444111028
19.51 , 236.579144786
19.52 , 236.714178545
19.53 , 236.849212303
19.54 , 236.984246062
19.55 , 237.11927982
19.56 , 237.254313578
19.57 , 237.389347337
19.58 , 237.524381095
19.59 , 237.659414854
19.6 , 237.794448612
19.61 , 237.929482371
19.62 , 238.064516129
19.63 , 238.199549887
19.64 , 238.334583646
19.65 , 238.469617404
19.66 , 238.604651163
19.67 , 238.739684921
19.68 , 238.87471868
19.69 , 239.009752438
19.7 , 239.144786197
19.71 , 239.279819955
19.72 , 239.414853713
19.73 , 239.549887472
19.74 , 239.68492123
19.75 , 239.819954989
19.76 , 239.954988747
19.77 , 240.090022506
19.78 , 240.225056264
19.79 , 240.360090023
19.8 , 240.495123781
19.81 , 240.630157539
19.82 , 240.765191298
19.83 , 240.900225056
19.84 , 241.035258815
19.85 , 241.170292573
19.86 , 241.305326332
19.87 , 241.44036009
19.88 , 241.575393848
19.89 , 241.710427607
19.9 , 241.845461365
19.91 , 241.980495124
19.92 , 242.115528882
19.93 , 242.250562641
19.94 , 242.385596399
19.95 , 242.520630158
19.96 , 242.655663916
19.97 , 242.790697674
19.98 , 242.925731433
19.99 , 243.060765191
20 , 243.19579895
20.01 , 243.330832708
20.02 , 243.465866467
20.03 , 243.600900225
20.04 , 243.735933983
20.05 , 243.870967742
20.06 , 244.0060015
20.07 , 244.141035259
20.08 , 244.276069017
20.09 , 244.411102776
20.1 , 244.546136534
20.11 , 244.681170293
20.12 , 244.816204051
20.13 , 244.951237809
20.14 , 245.086271568
20.15 , 245.221305326
20.16 , 245.356339085
20.17 , 245.491372843
20.18 , 245.626406602
20.19 , 245.76144036
20.2 , 245.896474119
20.21 , 246.031507877
20.22 , 246.166541635
20.23 , 246.301575394
20.24 , 246.436609152
20.25 , 246.571642911
20.26 , 246.706676669
20.27 , 246.841710428
20.28 , 246.976744186
20.29 , 247.111777944
20.3 , 247.246811703
20.31 , 247.381845461
20.32 , 247.51687922
20.33 , 247.651912978
20.34 , 247.786946737
20.35 , 247.921980495
20.36 , 248.057014254
20.37 , 248.192048012
20.38 , 248.32708177
20.39 , 248.462115529
20.4 , 248.597149287
20.41 , 248.732183046
20.42 , 248.867216804
20.43 , 249.002250563
20.44 , 249.137284321
20.45 , 249.27231808
20.46 , 249.407351838
20.47 , 249.542385596
20.48 , 249.677419355
20.49 , 249.812453113
20.5 , 249.947486872
20.51 , 250.08252063
20.52 , 250.217554389
20.53 , 250.352588147
20.54 , 250.487621905
20.55 , 250.622655664
20.56 , 250.757689422
20.57 , 250.892723181
20.58 , 251.027756939
20.59 , 251.162790698
20.6 , 251.297824456
20.61 , 251.432858215
20.62 , 251.567891973
20.63 , 251.702925731
20.64 , 251.83795949
20.65 , 251.972993248
20.66 , 252.108027007
20.67 , 252.243060765
20.68 , 252.378094524
20.69 , 252.513128282
20.7 , 252.648162041
20.71 , 252.783195799
20.72 , 252.918229557
20.73 , 253.053263316
20.74 , 253.188297074
20.75 , 253.323330833
20.76 , 253.458364591
20.77 , 253.59339835
20.78 , 253.728432108
20.79 , 253.863465866
20.8 , 253.998499625
20.81 , 254.133533383
20.82 , 254.268567142
20.83 , 254.4036009
20.84 , 254.538634659
20.85 , 254.673668417
20.86 , 254.808702176
20.87 , 254.943735934
20.88 , 255.078769692
20.89 , 255.213803451
20.9 , 255.348837209
20.91 , 255.483870968
20.92 , 255.618904726
20.93 , 255.753938485
20.94 , 255.888972243
20.95 , 256.024006002
20.96 , 256.15903976
20.97 , 256.294073518
20.98 , 256.429107277
20.99 , 256.564141035
21 , 256.699174794
21.01 , 256.834208552
21.02 , 256.969242311
21.03 , 257.104276069
21.04 , 257.239309827
21.05 , 257.374343586
21.06 , 257.509377344
21.07 , 257.644411103
21.08 , 257.779444861
21.09 , 257.91447862
21.1 , 258.049512378
21.11 , 258.184546137
21.12 , 258.319579895
21.13 , 258.454613653
21.14 , 258.589647412
21.15 , 258.72468117
21.16 , 258.859714929
21.17 , 258.994748687
21.18 , 259.129782446
21.19 , 259.264816204
21.2 , 259.399849962
21.21 , 259.534883721
21.22 , 259.669917479
21.23 , 259.804951238
21.24 , 259.939984996
21.25 , 260.075018755
21.26 , 260.210052513
21.27 , 260.345086272
21.28 , 260.48012003
21.29 , 260.615153788
21.3 , 260.750187547
21.31 , 260.885221305
21.32 , 261.020255064
21.33 , 261.155288822
21.34 , 261.290322581
21.35 , 261.425356339
21.36 , 261.560390098
21.37 , 261.695423856
21.38 , 261.830457614
21.39 , 261.965491373
21.4 , 262.100525131
21.41 , 262.23555889
21.42 , 262.370592648
21.43 , 262.505626407
21.44 , 262.640660165
21.45 , 262.775693923
21.46 , 262.910727682
21.47 , 263.04576144
21.48 , 263.180795199
21.49 , 263.315828957
21.5 , 263.450862716
21.51 , 263.585896474
21.52 , 263.720930233
21.53 , 263.855963991
21.54 , 263.990997749
21.55 , 264.126031508
21.56 , 264.261065266
21.57 , 264.396099025
21.58 , 264.531132783
21.59 , 264.666166542
21.6 , 264.8012003
21.61 , 264.936234059
21.62 , 265.071267817
21.63 , 265.206301575
21.64 , 265.341335334
21.65 , 265.476369092
21.66 , 265.611402851
21.67 , 265.746436609
21.68 , 265.881470368
21.69 , 266.016504126
21.7 , 266.151537884
21.71 , 266.286571643
21.72 , 266.421605401
21.73 , 266.55663916
21.74 , 266.691672918
21.75 , 266.826706677
21.76 , 266.961740435
21.77 , 267.096774194
21.78 , 267.231807952
21.79 , 267.36684171
21.8 , 267.501875469
21.81 , 267.636909227
21.82 , 267.771942986
21.83 , 267.906976744
21.84 , 268.042010503
21.85 , 268.177044261
21.86 , 268.31207802
21.87 , 268.447111778
21.88 , 268.582145536
21.89 , 268.717179295
21.9 , 268.852213053
21.91 , 268.987246812
21.92 , 269.12228057
21.93 , 269.257314329
21.94 , 269.392348087
21.95 , 269.527381845
21.96 , 269.662415604
21.97 , 269.797449362
21.98 , 269.932483121
21.99 , 270.067516879
22 , 270.202550638
22.01 , 270.337584396
22.02 , 270.472618155
22.03 , 270.607651913
22.04 , 270.742685671
22.05 , 270.87771943
22.06 , 271.012753188
22.07 , 271.147786947
22.08 , 271.282820705
22.09 , 271.417854464
22.1 , 271.552888222
22.11 , 271.68792198
22.12 , 271.822955739
22.13 , 271.957989497
22.14 , 272.093023256
22.15 , 272.228057014
22.16 , 272.363090773
22.17 , 272.498124531
22.18 , 272.63315829
22.19 , 272.768192048
22.2 , 272.903225806
22.21 , 273.038259565
22.22 , 273.173293323
22.23 , 273.308327082
22.24 , 273.44336084
22.25 , 273.578394599
22.26 , 273.713428357
22.27 , 273.848462116
22.28 , 273.983495874
22.29 , 274.118529632
22.3 , 274.253563391
22.31 , 274.388597149
22.32 , 274.523630908
22.33 , 274.658664666
22.34 , 274.793698425
22.35 , 274.928732183
22.36 , 275.063765941
22.37 , 275.1987997
22.38 , 275.333833458
22.39 , 275.468867217
22.4 , 275.603900975
22.41 , 275.738934734
22.42 , 275.873968492
22.43 , 276.009002251
22.44 , 276.144036009
22.45 , 276.279069767
22.46 , 276.414103526
22.47 , 276.549137284
22.48 , 276.684171043
22.49 , 276.819204801
22.5 , 276.95423856
22.51 , 277.089272318
22.52 , 277.224306077
22.53 , 277.359339835
22.54 , 277.494373593
22.55 , 277.629407352
22.56 , 277.76444111
22.57 , 277.899474869
22.58 , 278.034508627
22.59 , 278.169542386
22.6 , 278.304576144
22.61 , 278.439609902
22.62 , 278.574643661
22.63 , 278.709677419
22.64 , 278.844711178
22.65 , 278.979744936
22.66 , 279.114778695
22.67 , 279.249812453
22.68 , 279.384846212
22.69 , 279.51987997
22.7 , 279.654913728
22.71 , 279.789947487
22.72 , 279.924981245
22.73 , 280.060015004
22.74 , 280.195048762
22.75 , 280.330082521
22.76 , 280.465116279
22.77 , 280.600150038
22.78 , 280.735183796
22.79 , 280.870217554
22.8 , 281.005251313
22.81 , 281.140285071
22.82 , 281.27531883
22.83 , 281.410352588
22.84 , 281.545386347
22.85 , 281.680420105
22.86 , 281.815453863
22.87 , 281.950487622
22.88 , 282.08552138
22.89 , 282.220555139
22.9 , 282.355588897
22.91 , 282.490622656
22.92 , 282.625656414
22.93 , 282.760690173
22.94 , 282.895723931
22.95 , 283.030757689
22.96 , 283.165791448
22.97 , 283.300825206
22.98 , 283.435858965
22.99 , 283.570892723
23 , 283.705926482
23.01 , 283.84096024
23.02 , 283.975993998
23.03 , 284.111027757
23.04 , 284.246061515
23.05 , 284.381095274
23.06 , 284.516129032
23.07 , 284.651162791
23.08 , 284.786196549
23.09 , 284.921230308
23.1 , 285.056264066
23.11 , 285.191297824
23.12 , 285.326331583
23.13 , 285.461365341
23.14 , 285.5963991
23.15 , 285.731432858
23.16 , 285.866466617
23.17 , 286.001500375
23.18 , 286.136534134
23.19 , 286.271567892
23.2 , 286.40660165
23.21 , 286.541635409
23.22 , 286.676669167
23.23 , 286.811702926
23.24 , 286.946736684
23.25 , 287.081770443
23.26 , 287.216804201
23.27 , 287.351837959
23.28 , 287.486871718
23.29 , 287.621905476
23.3 , 287.756939235
23.31 , 287.891972993
23.32 , 288.027006752
23.33 , 288.16204051
23.34 , 288.297074269
23.35 , 288.432108027
23.36 , 288.567141785
23.37 , 288.702175544
23.38 , 288.837209302
23.39 , 288.972243061
23.4 , 289.107276819
23.41 , 289.242310578
23.42 , 289.377344336
23.43 , 289.512378095
23.44 , 289.647411853
23.45 , 289.782445611
23.46 , 289.91747937
23.47 , 290.052513128
23.48 , 290.187546887
23.49 , 290.322580645
23.5 , 290.457614404
23.51 , 290.592648162
23.52 , 290.72768192
23.53 , 290.862715679
23.54 , 290.997749437
23.55 , 291.132783196
23.56 , 291.267816954
23.57 , 291.402850713
23.58 , 291.537884471
23.59 , 291.67291823
23.6 , 291.807951988
23.61 , 291.942985746
23.62 , 292.078019505
23.63 , 292.213053263
23.64 , 292.348087022
23.65 , 292.48312078
23.66 , 292.618154539
23.67 , 292.753188297
23.68 , 292.888222056
23.69 , 293.023255814
23.7 , 293.158289572
23.71 , 293.293323331
23.72 , 293.428357089
23.73 , 293.563390848
23.74 , 293.698424606
23.75 , 293.833458365
23.76 , 293.968492123
23.77 , 294.103525881
23.78 , 294.23855964
23.79 , 294.373593398
23.8 , 294.508627157
23.81 , 294.643660915
23.82 , 294.778694674
23.83 , 294.913728432
23.84 , 295.048762191
23.85 , 295.183795949
23.86 , 295.318829707
23.87 , 295.453863466
23.88 , 295.588897224
23.89 , 295.723930983
23.9 , 295.858964741
23.91 , 295.9939985
23.92 , 296.129032258
23.93 , 296.264066017
23.94 , 296.399099775
23.95 , 296.534133533
23.96 , 296.669167292
23.97 , 296.80420105
23.98 , 296.939234809
23.99 , 297.074268567
24 , 297.209302326
24.01 , 297.344336084
24.02 , 297.479369842
24.03 , 297.614403601
24.04 , 297.749437359
24.05 , 297.884471118
24.06 , 298.019504876
24.07 , 298.154538635
24.08 , 298.289572393
24.09 , 298.424606152
24.1 , 298.55963991
24.11 , 298.694673668
24.12 , 298.829707427
24.13 , 298.964741185
24.14 , 299.099774944
24.15 , 299.234808702
24.16 , 299.369842461
24.17 , 299.504876219
24.18 , 299.639909977
24.19 , 299.774943736
24.2 , 299.909977494
24.21 , 300.045011253
24.22 , 300.180045011
24.23 , 300.31507877
24.24 , 300.450112528
24.25 , 300.585146287
24.26 , 300.720180045
24.27 , 300.855213803
24.28 , 300.990247562
24.29 , 301.12528132
24.3 , 301.260315079
24.31 , 301.395348837
24.32 , 301.530382596
24.33 , 301.665416354
24.34 , 301.800450113
24.35 , 301.935483871
24.36 , 302.070517629
24.37 , 302.205551388
24.38 , 302.340585146
24.39 , 302.475618905
24.4 , 302.610652663
24.41 , 302.745686422
24.42 , 302.88072018
24.43 , 303.015753938
24.44 , 303.150787697
24.45 , 303.285821455
24.46 , 303.420855214
24.47 , 303.555888972
24.48 , 303.690922731
24.49 , 303.825956489
24.5 , 303.960990248
24.51 , 304.096024006
24.52 , 304.231057764
24.53 , 304.366091523
24.54 , 304.501125281
24.55 , 304.63615904
24.56 , 304.771192798
24.57 , 304.906226557
24.58 , 305.041260315
24.59 , 305.176294074
24.6 , 305.311327832
24.61 , 305.44636159
24.62 , 305.581395349
24.63 , 305.716429107
24.64 , 305.851462866
24.65 , 305.986496624
24.66 , 306.121530383
24.67 , 306.256564141
24.68 , 306.391597899
24.69 , 306.526631658
24.7 , 306.661665416
24.71 , 306.796699175
24.72 , 306.931732933
24.73 , 307.066766692
24.74 , 307.20180045
24.75 , 307.336834209
24.76 , 307.471867967
24.77 , 307.606901725
24.78 , 307.741935484
24.79 , 307.876969242
24.8 , 308.012003001
24.81 , 308.147036759
24.82 , 308.282070518
24.83 , 308.417104276
24.84 , 308.552138035
24.85 , 308.687171793
24.86 , 308.822205551
24.87 , 308.95723931
24.88 , 309.092273068
24.89 , 309.227306827
24.9 , 309.362340585
24.91 , 309.497374344
24.92 , 309.632408102
24.93 , 309.76744186
24.94 , 309.902475619
24.95 , 310.037509377
24.96 , 310.172543136
24.97 , 310.307576894
24.98 , 310.442610653
24.99 , 310.577644411
25 , 310.71267817
25.01 , 310.847711928
25.02 , 310.982745686
25.03 , 311.117779445
25.04 , 311.252813203
25.05 , 311.387846962
25.06 , 311.52288072
25.07 , 311.657914479
25.08 , 311.792948237
25.09 , 311.927981995
25.1 , 312.063015754
25.11 , 312.198049512
25.12 , 312.333083271
25.13 , 312.468117029
25.14 , 312.603150788
25.15 , 312.738184546
25.16 , 312.873218305
25.17 , 313.008252063
25.18 , 313.143285821
25.19 , 313.27831958
25.2 , 313.413353338
25.21 , 313.548387097
25.22 , 313.683420855
25.23 , 313.818454614
25.24 , 313.953488372
25.25 , 314.088522131
25.26 , 314.223555889
25.27 , 314.358589647
25.28 , 314.493623406
25.29 , 314.628657164
25.3 , 314.763690923
25.31 , 314.898724681
25.32 , 315.03375844
25.33 , 315.168792198
25.34 , 315.303825956
25.35 , 315.438859715
25.36 , 315.573893473
25.37 , 315.708927232
25.38 , 315.84396099
25.39 , 315.978994749
25.4 , 316.114028507
25.41 , 316.249062266
25.42 , 316.384096024
25.43 , 316.519129782
25.44 , 316.654163541
25.45 , 316.789197299
25.46 , 316.924231058
25.47 , 317.059264816
25.48 , 317.194298575
25.49 , 317.329332333
25.5 , 317.464366092
25.51 , 317.59939985
25.52 , 317.734433608
25.53 , 317.869467367
25.54 , 318.004501125
25.55 , 318.139534884
25.56 , 318.274568642
25.57 , 318.409602401
25.58 , 318.544636159
25.59 , 318.679669917
25.6 , 318.814703676
25.61 , 318.949737434
25.62 , 319.084771193
25.63 , 319.219804951
25.64 , 319.35483871
25.65 , 319.489872468
25.66 , 319.624906227
25.67 , 319.759939985
25.68 , 319.894973743
25.69 , 320.030007502
25.7 , 320.16504126
25.71 , 320.300075019
25.72 , 320.435108777
25.73 , 320.570142536
25.74 , 320.705176294
25.75 , 320.840210053
25.76 , 320.975243811
25.77 , 321.110277569
25.78 , 321.245311328
25.79 , 321.380345086
25.8 , 321.515378845
25.81 , 321.650412603
25.82 , 321.785446362
25.83 , 321.92048012
25.84 , 322.055513878
25.85 , 322.190547637
25.86 , 322.325581395
25.87 , 322.460615154
25.88 , 322.595648912
25.89 , 322.730682671
25.9 , 322.865716429
25.91 , 323.000750188
25.92 , 323.135783946
25.93 , 323.270817704
25.94 , 323.405851463
25.95 , 323.540885221
25.96 , 323.67591898
25.97 , 323.810952738
25.98 , 323.945986497
25.99 , 324.081020255
26 , 324.216054014
26.01 , 324.351087772
26.02 , 324.48612153
26.03 , 324.621155289
26.04 , 324.756189047
26.05 , 324.891222806
26.06 , 325.026256564
26.07 , 325.161290323
26.08 , 325.296324081
26.09 , 325.431357839
26.1 , 325.566391598
26.11 , 325.701425356
26.12 , 325.836459115
26.13 , 325.971492873
26.14 , 326.106526632
26.15 , 326.24156039
26.16 , 326.376594149
26.17 , 326.511627907
26.18 , 326.646661665
26.19 , 326.781695424
26.2 , 326.916729182
26.21 , 327.051762941
26.22 , 327.186796699
26.23 , 327.321830458
26.24 , 327.456864216
26.25 , 327.591897974
26.26 , 327.726931733
26.27 , 327.861965491
26.28 , 327.99699925
26.29 , 328.132033008
26.3 , 328.267066767
26.31 , 328.402100525
26.32 , 328.537134284
26.33 , 328.672168042
26.34 , 328.8072018
26.35 , 328.942235559
26.36 , 329.077269317
26.37 , 329.212303076
26.38 , 329.347336834
26.39 , 329.482370593
26.4 , 329.617404351
26.41 , 329.75243811
26.42 , 329.887471868
26.43 , 330.022505626
26.44 , 330.157539385
26.45 , 330.292573143
26.46 , 330.427606902
26.47 , 330.56264066
26.48 , 330.697674419
26.49 , 330.832708177
26.5 , 330.967741935
26.51 , 331.102775694
26.52 , 331.237809452
26.53 , 331.372843211
26.54 , 331.507876969
26.55 , 331.642910728
26.56 , 331.777944486
26.57 , 331.912978245
26.58 , 332.048012003
26.59 , 332.183045761
26.6 , 332.31807952
26.61 , 332.453113278
26.62 , 332.588147037
26.63 , 332.723180795
26.64 , 332.858214554
26.65 , 332.993248312
26.66 , 333.128282071
26.67 , 333.263315829
26.68 , 333.398349587
26.69 , 333.533383346
26.7 , 333.668417104
26.71 , 333.803450863
26.72 , 333.938484621
26.73 , 334.07351838
26.74 , 334.208552138
26.75 , 334.343585896
26.76 , 334.478619655
26.77 , 334.613653413
26.78 , 334.748687172
26.79 , 334.88372093
26.8 , 335.018754689
26.81 , 335.153788447
26.82 , 335.288822206
26.83 , 335.423855964
26.84 , 335.558889722
26.85 , 335.693923481
26.86 , 335.828957239
26.87 , 335.963990998
26.88 , 336.099024756
26.89 , 336.234058515
26.9 , 336.369092273
26.91 , 336.504126032
26.92 , 336.63915979
26.93 , 336.774193548
26.94 , 336.909227307
26.95 , 337.044261065
26.96 , 337.179294824
26.97 , 337.314328582
26.98 , 337.449362341
26.99 , 337.584396099
27 , 337.719429857
27.01 , 337.854463616
27.02 , 337.989497374
27.03 , 338.124531133
27.04 , 338.259564891
27.05 , 338.39459865
27.06 , 338.529632408
27.07 , 338.664666167
27.08 , 338.799699925
27.09 , 338.934733683
27.1 , 339.069767442
27.11 , 339.2048012
27.12 , 339.339834959
27.13 , 339.474868717
27.14 , 339.609902476
27.15 , 339.744936234
27.16 , 339.879969992
27.17 , 340.015003751
27.18 , 340.150037509
27.19 , 340.285071268
27.2 , 340.420105026
27.21 , 340.555138785
27.22 , 340.690172543
27.23 , 340.825206302
27.24 , 340.96024006
27.25 , 341.095273818
27.26 , 341.230307577
27.27 , 341.365341335
27.28 , 341.500375094
27.29 , 341.635408852
27.3 , 341.770442611
27.31 , 341.905476369
27.32 , 342.040510128
27.33 , 342.175543886
27.34 , 342.310577644
27.35 , 342.445611403
27.36 , 342.580645161
27.37 , 342.71567892
27.38 , 342.850712678
27.39 , 342.985746437
27.4 , 343.120780195
27.41 , 343.255813953
27.42 , 343.390847712
27.43 , 343.52588147
27.44 , 343.660915229
27.45 , 343.795948987
27.46 , 343.930982746
27.47 , 344.066016504
27.48 , 344.201050263
27.49 , 344.336084021
27.5 , 344.471117779
27.51 , 344.606151538
27.52 , 344.741185296
27.53 , 344.876219055
27.54 , 345.011252813
27.55 , 345.146286572
27.56 , 345.28132033
27.57 , 345.416354089
27.58 , 345.551387847
27.59 , 345.686421605
27.6 , 345.821455364
27.61 , 345.956489122
27.62 , 346.091522881
27.63 , 346.226556639
27.64 , 346.361590398
27.65 , 346.496624156
27.66 , 346.631657914
27.67 , 346.766691673
27.68 , 346.901725431
27.69 , 347.03675919
27.7 , 347.171792948
27.71 , 347.306826707
27.72 , 347.441860465
27.73 , 347.576894224
27.74 , 347.711927982
27.75 , 347.84696174
27.76 , 347.981995499
27.77 , 348.117029257
27.78 , 348.252063016
27.79 , 348.387096774
27.8 , 348.522130533
27.81 , 348.657164291
27.82 , 348.79219805
27.83 , 348.927231808
27.84 , 349.062265566
27.85 , 349.197299325
27.86 , 349.332333083
27.87 , 349.467366842
27.88 , 349.6024006
27.89 , 349.737434359
27.9 , 349.872468117
27.91 , 350.007501875
27.92 , 350.142535634
27.93 , 350.277569392
27.94 , 350.412603151
27.95 , 350.547636909
27.96 , 350.682670668
27.97 , 350.817704426
27.98 , 350.952738185
27.99 , 351.087771943
28 , 351.222805701
28.01 , 351.35783946
28.02 , 351.492873218
28.03 , 351.627906977
28.04 , 351.762940735
28.05 , 351.897974494
28.06 , 352.033008252
28.07 , 352.168042011
28.08 , 352.303075769
28.09 , 352.438109527
28.1 , 352.573143286
28.11 , 352.708177044
28.12 , 352.843210803
28.13 , 352.978244561
28.14 , 353.11327832
28.15 , 353.248312078
28.16 , 353.383345836
28.17 , 353.518379595
28.18 , 353.653413353
28.19 , 353.788447112
28.2 , 353.92348087
28.21 , 354.058514629
28.22 , 354.193548387
28.23 , 354.328582146
28.24 , 354.463615904
28.25 , 354.598649662
28.26 , 354.733683421
28.27 , 354.868717179
28.28 , 355.003750938
28.29 , 355.138784696
28.3 , 355.273818455
28.31 , 355.408852213
28.32 , 355.543885971
28.33 , 355.67891973
28.34 , 355.813953488
28.35 , 355.948987247
28.36 , 356.084021005
28.37 , 356.219054764
28.38 , 356.354088522
28.39 , 356.489122281
28.4 , 356.624156039
28.41 , 356.759189797
28.42 , 356.894223556
28.43 , 357.029257314
28.44 , 357.164291073
28.45 , 357.299324831
28.46 , 357.43435859
28.47 , 357.569392348
28.48 , 357.704426107
28.49 , 357.839459865
28.5 , 357.974493623
28.51 , 358.109527382
28.52 , 358.24456114
28.53 , 358.379594899
28.54 , 358.514628657
28.55 , 358.649662416
28.56 , 358.784696174
28.57 , 358.919729932
28.58 , 359.054763691
28.59 , 359.189797449
28.6 , 359.324831208
28.61 , 359.459864966
28.62 , 359.594898725
28.63 , 359.729932483
28.64 , 359.864966242
28.65 , 360
28.66 , 360.135033758
28.67 , 360.270067517
28.68 , 360.405101275
28.69 , 360.540135034
28.7 , 360.675168792
28.71 , 360.810202551
28.72 , 360.945236309
28.73 , 361.080270068
28.74 , 361.215303826
28.75 , 361.350337584
28.76 , 361.485371343
28.77 , 361.620405101
28.78 , 361.75543886
28.79 , 361.890472618
28.8 , 362.025506377
28.81 , 362.160540135
28.82 , 362.295573893
28.83 , 362.430607652
28.84 , 362.56564141
28.85 , 362.700675169
28.86 , 362.835708927
28.87 , 362.970742686
28.88 , 363.105776444
28.89 , 363.240810203
28.9 , 363.375843961
28.91 , 363.510877719
28.92 , 363.645911478
28.93 , 363.780945236
28.94 , 363.915978995
28.95 , 364.051012753
28.96 , 364.186046512
28.97 , 364.32108027
28.98 , 364.456114029
28.99 , 364.591147787
29 , 364.726181545
29.01 , 364.861215304
29.02 , 364.996249062
29.03 , 365.131282821
29.04 , 365.266316579
29.05 , 365.401350338
29.06 , 365.536384096
29.07 , 365.671417854
29.08 , 365.806451613
29.09 , 365.941485371
29.1 , 366.07651913
29.11 , 366.211552888
29.12 , 366.346586647
29.13 , 366.481620405
29.14 , 366.616654164
29.15 , 366.751687922
29.16 , 366.88672168
29.17 , 367.021755439
29.18 , 367.156789197
29.19 , 367.291822956
29.2 , 367.426856714
29.21 , 367.561890473
29.22 , 367.696924231
29.23 , 367.831957989
29.24 , 367.966991748
29.25 , 368.102025506
29.26 , 368.237059265
29.27 , 368.372093023
29.28 , 368.507126782
29.29 , 368.64216054
29.3 , 368.777194299
29.31 , 368.912228057
29.32 , 369.047261815
29.33 , 369.182295574
29.34 , 369.317329332
29.35 , 369.452363091
29.36 , 369.587396849
29.37 , 369.722430608
29.38 , 369.857464366
29.39 , 369.992498125
29.4 , 370.127531883
29.41 , 370.262565641
29.42 , 370.3975994
29.43 , 370.532633158
29.44 , 370.667666917
29.45 , 370.802700675
29.46 , 370.937734434
29.47 , 371.072768192
29.48 , 371.20780195
29.49 , 371.342835709
29.5 , 371.477869467
29.51 , 371.612903226
29.52 , 371.747936984
29.53 , 371.882970743
29.54 , 372.018004501
29.55 , 372.15303826
29.56 , 372.288072018
29.57 , 372.423105776
29.58 , 372.558139535
29.59 , 372.693173293
29.6 , 372.828207052
29.61 , 372.96324081
29.62 , 373.098274569
29.63 , 373.233308327
29.64 , 373.368342086
29.65 , 373.503375844
29.66 , 373.638409602
29.67 , 373.773443361
29.68 , 373.908477119
29.69 , 374.043510878
29.7 , 374.178544636
29.71 , 374.313578395
29.72 , 374.448612153
29.73 , 374.583645911
29.74 , 374.71867967
29.75 , 374.853713428
29.76 , 374.988747187
29.77 , 375.123780945
29.78 , 375.258814704
29.79 , 375.393848462
29.8 , 375.528882221
29.81 , 375.663915979
29.82 , 375.798949737
29.83 , 375.933983496
29.84 , 376.069017254
29.85 , 376.204051013
29.86 , 376.339084771
29.87 , 376.47411853
29.88 , 376.609152288
29.89 , 376.744186047
29.9 , 376.879219805
29.91 , 377.014253563
29.92 , 377.149287322
29.93 , 377.28432108
29.94 , 377.419354839
29.95 , 377.554388597
29.96 , 377.689422356
29.97 , 377.824456114
29.98 , 377.959489872
29.99 , 378.094523631
30 , 378.229557389
30.01 , 378.364591148
30.02 , 378.499624906
30.03 , 378.634658665
30.04 , 378.769692423
30.05 , 378.904726182
30.06 , 379.03975994
30.07 , 379.174793698
30.08 , 379.309827457
30.09 , 379.444861215
30.1 , 379.579894974
30.11 , 379.714928732
30.12 , 379.849962491
30.13 , 379.984996249
30.14 , 380.120030008
30.15 , 380.255063766
30.16 , 380.390097524
30.17 , 380.525131283
30.18 , 380.660165041
30.19 , 380.7951988
30.2 , 380.930232558
30.21 , 381.065266317
30.22 , 381.200300075
30.23 , 381.335333833
30.24 , 381.470367592
30.25 , 381.60540135
30.26 , 381.740435109
30.27 , 381.875468867
30.28 , 382.010502626
30.29 , 382.145536384
30.3 , 382.280570143
30.31 , 382.415603901
30.32 , 382.550637659
30.33 , 382.685671418
30.34 , 382.820705176
30.35 , 382.955738935
30.36 , 383.090772693
30.37 , 383.225806452
30.38 , 383.36084021
30.39 , 383.495873968
30.4 , 383.630907727
30.41 , 383.765941485
30.42 , 383.900975244
30.43 , 384.036009002
30.44 , 384.171042761
30.45 , 384.306076519
30.46 , 384.441110278
30.47 , 384.576144036
30.48 , 384.711177794
30.49 , 384.846211553
30.5 , 384.981245311
30.51 , 385.11627907
30.52 , 385.251312828
30.53 , 385.386346587
30.54 , 385.521380345
30.55 , 385.656414104
30.56 , 385.791447862
30.57 , 385.92648162
30.58 , 386.061515379
30.59 , 386.196549137
30.6 , 386.331582896
30.61 , 386.466616654
30.62 , 386.601650413
30.63 , 386.736684171
30.64 , 386.871717929
30.65 , 387.006751688
30.66 , 387.141785446
30.67 , 387.276819205
30.68 , 387.411852963
30.69 , 387.546886722
30.7 , 387.68192048
30.71 , 387.816954239
30.72 , 387.951987997
30.73 , 388.087021755
30.74 , 388.222055514
30.75 , 388.357089272
30.76 , 388.492123031
30.77 , 388.627156789
30.78 , 388.762190548
30.79 , 388.897224306
30.8 , 389.032258065
30.81 , 389.167291823
30.82 , 389.302325581
30.83 , 389.43735934
30.84 , 389.572393098
30.85 , 389.707426857
30.86 , 389.842460615
30.87 , 389.977494374
30.88 , 390.112528132
30.89 , 390.24756189
30.9 , 390.382595649
30.91 , 390.517629407
30.92 , 390.652663166
30.93 , 390.787696924
30.94 , 390.922730683
30.95 , 391.057764441
30.96 , 391.1927982
30.97 , 391.327831958
30.98 , 391.462865716
30.99 , 391.597899475
31 , 391.732933233
31.01 , 391.867966992
31.02 , 392.00300075
31.03 , 392.138034509
31.04 , 392.273068267
31.05 , 392.408102026
31.06 , 392.543135784
31.07 , 392.678169542
31.08 , 392.813203301
31.09 , 392.948237059
31.1 , 393.083270818
31.11 , 393.218304576
31.12 , 393.353338335
31.13 , 393.488372093
31.14 , 393.623405851
31.15 , 393.75843961
31.16 , 393.893473368
31.17 , 394.028507127
31.18 , 394.163540885
31.19 , 394.298574644
31.2 , 394.433608402
31.21 , 394.568642161
31.22 , 394.703675919
31.23 , 394.838709677
31.24 , 394.973743436
31.25 , 395.108777194
31.26 , 395.243810953
31.27 , 395.378844711
31.28 , 395.51387847
31.29 , 395.648912228
31.3 , 395.783945986
31.31 , 395.918979745
31.32 , 396.054013503
31.33 , 396.189047262
31.34 , 396.32408102
31.35 , 396.459114779
31.36 , 396.594148537
31.37 , 396.729182296
31.38 , 396.864216054
31.39 , 396.999249812
31.4 , 397.134283571
31.41 , 397.269317329
31.42 , 397.404351088
31.43 , 397.539384846
31.44 , 397.674418605
31.45 , 397.809452363
31.46 , 397.944486122
31.47 , 398.07951988
31.48 , 398.214553638
31.49 , 398.349587397
31.5 , 398.484621155
31.51 , 398.619654914
31.52 , 398.754688672
31.53 , 398.889722431
31.54 , 399.024756189
31.55 , 399.159789947
31.56 , 399.294823706
31.57 , 399.429857464
31.58 , 399.564891223
31.59 , 399.699924981
31.6 , 399.83495874
31.61 , 399.969992498
31.62 , 400.105026257
31.63 , 400.240060015
31.64 , 400.375093773
31.65 , 400.510127532
31.66 , 400.64516129
31.67 , 400.780195049
31.68 , 400.915228807
31.69 , 401.050262566
31.7 , 401.185296324
31.71 , 401.320330083
31.72 , 401.455363841
31.73 , 401.590397599
31.74 , 401.725431358
31.75 , 401.860465116
31.76 , 401.995498875
31.77 , 402.130532633
31.78 , 402.265566392
31.79 , 402.40060015
31.8 , 402.535633908
31.81 , 402.670667667
31.82 , 402.805701425
31.83 , 402.940735184
31.84 , 403.075768942
31.85 , 403.210802701
31.86 , 403.345836459
31.87 , 403.480870218
31.88 , 403.615903976
31.89 , 403.750937734
31.9 , 403.885971493
31.91 , 404.021005251
31.92 , 404.15603901
31.93 , 404.291072768
31.94 , 404.426106527
31.95 , 404.561140285
31.96 , 404.696174044
31.97 , 404.831207802
31.98 , 404.96624156
31.99 , 405.101275319
32 , 405.236309077
32.01 , 405.371342836
32.02 , 405.506376594
32.03 , 405.641410353
32.04 , 405.776444111
32.05 , 405.911477869
32.06 , 406.046511628
32.07 , 406.181545386
32.08 , 406.316579145
32.09 , 406.451612903
32.1 , 406.586646662
32.11 , 406.72168042
32.12 , 406.856714179
32.13 , 406.991747937
32.14 , 407.126781695
32.15 , 407.261815454
32.16 , 407.396849212
32.17 , 407.531882971
32.18 , 407.666916729
32.19 , 407.801950488
32.2 , 407.936984246
32.21 , 408.072018005
32.22 , 408.207051763
32.23 , 408.342085521
32.24 , 408.47711928
32.25 , 408.612153038
32.26 , 408.747186797
32.27 , 408.882220555
32.28 , 409.017254314
32.29 , 409.152288072
32.3 , 409.28732183
32.31 , 409.422355589
32.32 , 409.557389347
32.33 , 409.692423106
32.34 , 409.827456864
32.35 , 409.962490623
32.36 , 410.097524381
32.37 , 410.23255814
32.38 , 410.367591898
32.39 , 410.502625656
32.4 , 410.637659415
32.41 , 410.772693173
32.42 , 410.907726932
32.43 , 411.04276069
32.44 , 411.177794449
32.45 , 411.312828207
32.46 , 411.447861965
32.47 , 411.582895724
32.48 , 411.717929482
32.49 , 411.852963241
32.5 , 411.987996999
32.51 , 412.123030758
32.52 , 412.258064516
32.53 , 412.393098275
32.54 , 412.528132033
32.55 , 412.663165791
32.56 , 412.79819955
32.57 , 412.933233308
32.58 , 413.068267067
32.59 , 413.203300825
32.6 , 413.338334584
32.61 , 413.473368342
32.62 , 413.608402101
32.63 , 413.743435859
32.64 , 413.878469617
32.65 , 414.013503376
32.66 , 414.148537134
32.67 , 414.283570893
32.68 , 414.418604651
32.69 , 414.55363841
32.7 , 414.688672168
32.71 , 414.823705926
32.72 , 414.958739685
32.73 , 415.093773443
32.74 , 415.228807202
32.75 , 415.36384096
32.76 , 415.498874719
32.77 , 415.633908477
32.78 , 415.768942236
32.79 , 415.903975994
32.8 , 416.039009752
32.81 , 416.174043511
32.82 , 416.309077269
32.83 , 416.444111028
32.84 , 416.579144786
32.85 , 416.714178545
32.86 , 416.849212303
32.87 , 416.984246062
32.88 , 417.11927982
32.89 , 417.254313578
32.9 , 417.389347337
32.91 , 417.524381095
32.92 , 417.659414854
32.93 , 417.794448612
32.94 , 417.929482371
32.95 , 418.064516129
32.96 , 418.199549887
32.97 , 418.334583646
32.98 , 418.469617404
32.99 , 418.604651163
33 , 418.739684921
33.01 , 418.87471868
33.02 , 419.009752438
33.03 , 419.144786197
33.04 , 419.279819955
33.05 , 419.414853713
33.06 , 419.549887472
33.07 , 419.68492123
33.08 , 419.819954989
33.09 , 419.954988747
33.1 , 420.090022506
33.11 , 420.225056264
33.12 , 420.360090023
33.13 , 420.495123781
33.14 , 420.630157539
33.15 , 420.765191298
33.16 , 420.900225056
33.17 , 421.035258815
33.18 , 421.170292573
33.19 , 421.305326332
33.2 , 421.44036009
33.21 , 421.575393848
33.22 , 421.710427607
33.23 , 421.845461365
33.24 , 421.980495124
33.25 , 422.115528882
33.26 , 422.250562641
33.27 , 422.385596399
33.28 , 422.520630158
33.29 , 422.655663916
33.3 , 422.790697674
33.31 , 422.925731433
33.32 , 423.060765191
33.33 , 423.19579895
33.34 , 423.330832708
33.35 , 423.465866467
33.36 , 423.600900225
33.37 , 423.735933983
33.38 , 423.870967742
33.39 , 424.0060015
33.4 , 424.141035259
33.41 , 424.276069017
33.42 , 424.411102776
33.43 , 424.546136534
33.44 , 424.681170293
33.45 , 424.816204051
33.46 , 424.951237809
33.47 , 425.086271568
33.48 , 425.221305326
33.49 , 425.356339085
33.5 , 425.491372843
33.51 , 425.626406602
33.52 , 425.76144036
33.53 , 425.896474119
33.54 , 426.031507877
33.55 , 426.166541635
33.56 , 426.301575394
33.57 , 426.436609152
33.58 , 426.571642911
33.59 , 426.706676669
33.6 , 426.841710428
33.61 , 426.976744186
33.62 , 427.111777944
33.63 , 427.246811703
33.64 , 427.381845461
33.65 , 427.51687922
33.66 , 427.651912978
33.67 , 427.786946737
33.68 , 427.921980495
33.69 , 428.057014254
33.7 , 428.192048012
33.71 , 428.32708177
33.72 , 428.462115529
33.73 , 428.597149287
33.74 , 428.732183046
33.75 , 428.867216804
33.76 , 429.002250563
33.77 , 429.137284321
33.78 , 429.27231808
33.79 , 429.407351838
33.8 , 429.542385596
33.81 , 429.677419355
33.82 , 429.812453113
33.83 , 429.947486872
33.84 , 430.08252063
33.85 , 430.217554389
33.86 , 430.352588147
33.87 , 430.487621905
33.88 , 430.622655664
33.89 , 430.757689422
33.9 , 430.892723181
33.91 , 431.027756939
33.92 , 431.162790698
33.93 , 431.297824456
33.94 , 431.432858215
33.95 , 431.567891973
33.96 , 431.702925731
33.97 , 431.83795949
33.98 , 431.972993248
33.99 , 432.108027007
34 , 432.243060765
34.01 , 432.378094524
34.02 , 432.513128282
34.03 , 432.648162041
34.04 , 432.783195799
34.05 , 432.918229557
34.06 , 433.053263316
34.07 , 433.188297074
34.08 , 433.323330833
34.09 , 433.458364591
34.1 , 433.59339835
34.11 , 433.728432108
34.12 , 433.863465866
34.13 , 433.998499625
34.14 , 434.133533383
34.15 , 434.268567142
34.16 , 434.4036009
34.17 , 434.538634659
34.18 , 434.673668417
34.19 , 434.808702176
34.2 , 434.943735934
34.21 , 435.078769692
34.22 , 435.213803451
34.23 , 435.348837209
34.24 , 435.483870968
34.25 , 435.618904726
34.26 , 435.753938485
34.27 , 435.888972243
34.28 , 436.024006002
34.29 , 436.15903976
34.3 , 436.294073518
34.31 , 436.429107277
34.32 , 436.564141035
34.33 , 436.699174794
34.34 , 436.834208552
34.35 , 436.969242311
34.36 , 437.104276069
34.37 , 437.239309827
34.38 , 437.374343586
34.39 , 437.509377344
34.4 , 437.644411103
34.41 , 437.779444861
34.42 , 437.91447862
34.43 , 438.049512378
34.44 , 438.184546137
34.45 , 438.319579895
34.46 , 438.454613653
34.47 , 438.589647412
34.48 , 438.72468117
34.49 , 438.859714929
34.5 , 438.994748687
34.51 , 439.129782446
34.52 , 439.264816204
34.53 , 439.399849962
34.54 , 439.534883721
34.55 , 439.669917479
34.56 , 439.804951238
34.57 , 439.939984996
34.58 , 440.075018755
34.59 , 440.210052513
34.6 , 440.345086272
34.61 , 440.48012003
34.62 , 440.615153788
34.63 , 440.750187547
34.64 , 440.885221305
34.65 , 441.020255064
34.66 , 441.155288822
34.67 , 441.290322581
34.68 , 441.425356339
34.69 , 441.560390098
34.7 , 441.695423856
34.71 , 441.830457614
34.72 , 441.965491373
34.73 , 442.100525131
34.74 , 442.23555889
34.75 , 442.370592648
34.76 , 442.505626407
34.77 , 442.640660165
34.78 , 442.775693923
34.79 , 442.910727682
34.8 , 443.04576144
34.81 , 443.180795199
34.82 , 443.315828957
34.83 , 443.450862716
34.84 , 443.585896474
34.85 , 443.720930233
34.86 , 443.855963991
34.87 , 443.990997749
34.88 , 444.126031508
34.89 , 444.261065266
34.9 , 444.396099025
34.91 , 444.531132783
34.92 , 444.666166542
34.93 , 444.8012003
34.94 , 444.936234059
34.95 , 445.071267817
34.96 , 445.206301575
34.97 , 445.341335334
34.98 , 445.476369092
34.99 , 445.611402851
35 , 445.746436609
35.01 , 445.881470368
35.02 , 446.016504126
35.03 , 446.151537884
35.04 , 446.286571643
35.05 , 446.421605401
35.06 , 446.55663916
35.07 , 446.691672918
35.08 , 446.826706677
35.09 , 446.961740435
35.1 , 447.096774194
35.11 , 447.231807952
35.12 , 447.36684171
35.13 , 447.501875469
35.14 , 447.636909227
35.15 , 447.771942986
35.16 , 447.906976744
35.17 , 448.042010503
35.18 , 448.177044261
35.19 , 448.31207802
35.2 , 448.447111778
35.21 , 448.582145536
35.22 , 448.717179295
35.23 , 448.852213053
35.24 , 448.987246812
35.25 , 449.12228057
35.26 , 449.257314329
35.27 , 449.392348087
35.28 , 449.527381845
35.29 , 449.662415604
35.3 , 449.797449362
35.31 , 449.932483121
35.32 , 450.067516879
35.33 , 450.202550638
35.34 , 450.337584396
35.35 , 450.472618155
35.36 , 450.607651913
35.37 , 450.742685671
35.38 , 450.87771943
35.39 , 451.012753188
35.4 , 451.147786947
35.41 , 451.282820705
35.42 , 451.417854464
35.43 , 451.552888222
35.44 , 451.68792198
35.45 , 451.822955739
35.46 , 451.957989497
35.47 , 452.093023256
35.48 , 452.228057014
35.49 , 452.363090773
35.5 , 452.498124531
35.51 , 452.63315829
35.52 , 452.768192048
35.53 , 452.903225806
35.54 , 453.038259565
35.55 , 453.173293323
35.56 , 453.308327082
35.57 , 453.44336084
35.58 , 453.578394599
35.59 , 453.713428357
35.6 , 453.848462116
35.61 , 453.983495874
35.62 , 454.118529632
35.63 , 454.253563391
35.64 , 454.388597149
35.65 , 454.523630908
35.66 , 454.658664666
35.67 , 454.793698425
35.68 , 454.928732183
35.69 , 455.063765941
35.7 , 455.1987997
35.71 , 455.333833458
35.72 , 455.468867217
35.73 , 455.603900975
35.74 , 455.738934734
35.75 , 455.873968492
35.76 , 456.009002251
35.77 , 456.144036009
35.78 , 456.279069767
35.79 , 456.414103526
35.8 , 456.549137284
35.81 , 456.684171043
35.82 , 456.819204801
35.83 , 456.95423856
35.84 , 457.089272318
35.85 , 457.224306077
35.86 , 457.359339835
35.87 , 457.494373593
35.88 , 457.629407352
35.89 , 457.76444111
35.9 , 457.899474869
35.91 , 458.034508627
35.92 , 458.169542386
35.93 , 458.304576144
35.94 , 458.439609902
35.95 , 458.574643661
35.96 , 458.709677419
35.97 , 458.844711178
35.98 , 458.979744936
35.99 , 459.114778695
36 , 459.249812453
36.01 , 459.384846212
36.02 , 459.51987997
36.03 , 459.654913728
36.04 , 459.789947487
36.05 , 459.924981245
36.06 , 460.060015004
36.07 , 460.195048762
36.08 , 460.330082521
36.09 , 460.465116279
36.1 , 460.600150038
36.11 , 460.735183796
36.12 , 460.870217554
36.13 , 461.005251313
36.14 , 461.140285071
36.15 , 461.27531883
36.16 , 461.410352588
36.17 , 461.545386347
36.18 , 461.680420105
36.19 , 461.815453863
36.2 , 461.950487622
36.21 , 462.08552138
36.22 , 462.220555139
36.23 , 462.355588897
36.24 , 462.490622656
36.25 , 462.625656414
36.26 , 462.760690173
36.27 , 462.895723931
36.28 , 463.030757689
36.29 , 463.165791448
36.3 , 463.300825206
36.31 , 463.435858965
36.32 , 463.570892723
36.33 , 463.705926482
36.34 , 463.84096024
36.35 , 463.975993998
36.36 , 464.111027757
36.37 , 464.246061515
36.38 , 464.381095274
36.39 , 464.516129032
36.4 , 464.651162791
36.41 , 464.786196549
36.42 , 464.921230308
36.43 , 465.056264066
36.44 , 465.191297824
36.45 , 465.326331583
36.46 , 465.461365341
36.47 , 465.5963991
36.48 , 465.731432858
36.49 , 465.866466617
36.5 , 466.001500375
36.51 , 466.136534134
36.52 , 466.271567892
36.53 , 466.40660165
36.54 , 466.541635409
36.55 , 466.676669167
36.56 , 466.811702926
36.57 , 466.946736684
36.58 , 467.081770443
36.59 , 467.216804201
36.6 , 467.351837959
36.61 , 467.486871718
36.62 , 467.621905476
36.63 , 467.756939235
36.64 , 467.891972993
36.65 , 468.027006752
36.66 , 468.16204051
36.67 , 468.297074269
36.68 , 468.432108027
36.69 , 468.567141785
36.7 , 468.702175544
36.71 , 468.837209302
36.72 , 468.972243061
36.73 , 469.107276819
36.74 , 469.242310578
36.75 , 469.377344336
36.76 , 469.512378095
36.77 , 469.647411853
36.78 , 469.782445611
36.79 , 469.91747937
36.8 , 470.052513128
36.81 , 470.187546887
36.82 , 470.322580645
36.83 , 470.457614404
36.84 , 470.592648162
36.85 , 470.72768192
36.86 , 470.862715679
36.87 , 470.997749437
36.88 , 471.132783196
36.89 , 471.267816954
36.9 , 471.402850713
36.91 , 471.537884471
36.92 , 471.67291823
36.93 , 471.807951988
36.94 , 471.942985746
36.95 , 472.078019505
36.96 , 472.213053263
36.97 , 472.348087022
36.98 , 472.48312078
36.99 , 472.618154539
37 , 472.753188297
37.01 , 472.888222056
37.02 , 473.023255814
37.03 , 473.158289572
37.04 , 473.293323331
37.05 , 473.428357089
37.06 , 473.563390848
37.07 , 473.698424606
37.08 , 473.833458365
37.09 , 473.968492123
37.1 , 474.103525881
37.11 , 474.23855964
37.12 , 474.373593398
37.13 , 474.508627157
37.14 , 474.643660915
37.15 , 474.778694674
37.16 , 474.913728432
37.17 , 475.048762191
37.18 , 475.183795949
37.19 , 475.318829707
37.2 , 475.453863466
37.21 , 475.588897224
37.22 , 475.723930983
37.23 , 475.858964741
37.24 , 475.9939985
37.25 , 476.129032258
37.26 , 476.264066017
37.27 , 476.399099775
37.28 , 476.534133533
37.29 , 476.669167292
37.3 , 476.80420105
37.31 , 476.939234809
37.32 , 477.074268567
37.33 , 477.209302326
37.34 , 477.344336084
37.35 , 477.479369842
37.36 , 477.614403601
37.37 , 477.749437359
37.38 , 477.884471118
37.39 , 478.019504876
37.4 , 478.154538635
37.41 , 478.289572393
37.42 , 478.424606152
37.43 , 478.55963991
37.44 , 478.694673668
37.45 , 478.829707427
37.46 , 478.964741185
37.47 , 479.099774944
37.48 , 479.234808702
37.49 , 479.369842461
37.5 , 479.504876219
37.51 , 479.639909977
37.52 , 479.774943736
37.53 , 479.909977494
37.54 , 480.045011253
37.55 , 480.180045011
37.56 , 480.31507877
37.57 , 480.450112528
37.58 , 480.585146287
37.59 , 480.720180045
37.6 , 480.855213803
37.61 , 480.990247562
37.62 , 481.12528132
37.63 , 481.260315079
37.64 , 481.395348837
37.65 , 481.530382596
37.66 , 481.665416354
37.67 , 481.800450113
37.68 , 481.935483871
37.69 , 482.070517629
37.7 , 482.205551388
37.71 , 482.340585146
37.72 , 482.475618905
37.73 , 482.610652663
37.74 , 482.745686422
37.75 , 482.88072018
37.76 , 483.015753938
37.77 , 483.150787697
37.78 , 483.285821455
37.79 , 483.420855214
37.8 , 483.555888972
37.81 , 483.690922731
37.82 , 483.825956489
37.83 , 483.960990248
37.84 , 484.096024006
37.85 , 484.231057764
37.86 , 484.366091523
37.87 , 484.501125281
37.88 , 484.63615904
37.89 , 484.771192798
37.9 , 484.906226557
37.91 , 485.041260315
37.92 , 485.176294074
37.93 , 485.311327832
37.94 , 485.44636159
37.95 , 485.581395349
37.96 , 485.716429107
37.97 , 485.851462866
37.98 , 485.986496624
37.99 , 486.121530383
38 , 486.256564141
38.01 , 486.391597899
38.02 , 486.526631658
38.03 , 486.661665416
38.04 , 486.796699175
38.05 , 486.931732933
38.06 , 487.066766692
38.07 , 487.20180045
38.08 , 487.336834209
38.09 , 487.471867967
38.1 , 487.606901725
38.11 , 487.741935484
38.12 , 487.876969242
38.13 , 488.012003001
38.14 , 488.147036759
38.15 , 488.282070518
38.16 , 488.417104276
38.17 , 488.552138035
38.18 , 488.687171793
38.19 , 488.822205551
38.2 , 488.95723931
38.21 , 489.092273068
38.22 , 489.227306827
38.23 , 489.362340585
38.24 , 489.497374344
38.25 , 489.632408102
38.26 , 489.76744186
38.27 , 489.902475619
38.28 , 490.037509377
38.29 , 490.172543136
38.3 , 490.307576894
38.31 , 490.442610653
38.32 , 490.577644411
38.33 , 490.71267817
38.34 , 490.847711928
38.35 , 490.982745686
38.36 , 491.117779445
38.37 , 491.252813203
38.38 , 491.387846962
38.39 , 491.52288072
38.4 , 491.657914479
38.41 , 491.792948237
38.42 , 491.927981995
38.43 , 492.063015754
38.44 , 492.198049512
38.45 , 492.333083271
38.46 , 492.468117029
38.47 , 492.603150788
38.48 , 492.738184546
38.49 , 492.873218305
38.5 , 493.008252063
38.51 , 493.143285821
38.52 , 493.27831958
38.53 , 493.413353338
38.54 , 493.548387097
38.55 , 493.683420855
38.56 , 493.818454614
38.57 , 493.953488372
38.58 , 494.088522131
38.59 , 494.223555889
38.6 , 494.358589647
38.61 , 494.493623406
38.62 , 494.628657164
38.63 , 494.763690923
38.64 , 494.898724681
38.65 , 495.03375844
38.66 , 495.168792198
38.67 , 495.303825956
38.68 , 495.438859715
38.69 , 495.573893473
38.7 , 495.708927232
38.71 , 495.84396099
38.72 , 495.978994749
38.73 , 496.114028507
38.74 , 496.249062266
38.75 , 496.384096024
38.76 , 496.519129782
38.77 , 496.654163541
38.78 , 496.789197299
38.79 , 496.924231058
38.8 , 497.059264816
38.81 , 497.194298575
38.82 , 497.329332333
38.83 , 497.464366092
38.84 , 497.59939985
38.85 , 497.734433608
38.86 , 497.869467367
38.87 , 498.004501125
38.88 , 498.139534884
38.89 , 498.274568642
38.9 , 498.409602401
38.91 , 498.544636159
38.92 , 498.679669917
38.93 , 498.814703676
38.94 , 498.949737434
38.95 , 499.084771193
38.96 , 499.219804951
38.97 , 499.35483871
38.98 , 499.489872468
38.99 , 499.624906227
39 , 499.759939985
39.01 , 499.894973743
39.02 , 500.030007502
39.03 , 500.16504126
39.04 , 500.300075019
39.05 , 500.435108777
39.06 , 500.570142536
39.07 , 500.705176294
39.08 , 500.840210053
39.09 , 500.975243811
39.1 , 501.110277569
39.11 , 501.245311328
39.12 , 501.380345086
39.13 , 501.515378845
39.14 , 501.650412603
39.15 , 501.785446362
39.16 , 501.92048012
39.17 , 502.055513878
39.18 , 502.190547637
39.19 , 502.325581395
39.2 , 502.460615154
39.21 , 502.595648912
39.22 , 502.730682671
39.23 , 502.865716429
39.24 , 503.000750188
39.25 , 503.135783946
39.26 , 503.270817704
39.27 , 503.405851463
39.28 , 503.540885221
39.29 , 503.67591898
39.3 , 503.810952738
39.31 , 503.945986497
39.32 , 504.081020255
39.33 , 504.216054014
39.34 , 504.351087772
39.35 , 504.48612153
39.36 , 504.621155289
39.37 , 504.756189047
39.38 , 504.891222806
39.39 , 505.026256564
39.4 , 505.161290323
39.41 , 505.296324081
39.42 , 505.431357839
39.43 , 505.566391598
39.44 , 505.701425356
39.45 , 505.836459115
39.46 , 505.971492873
39.47 , 506.106526632
39.48 , 506.24156039
39.49 , 506.376594149
39.5 , 506.511627907
39.51 , 506.646661665
39.52 , 506.781695424
39.53 , 506.916729182
39.54 , 507.051762941
39.55 , 507.186796699
39.56 , 507.321830458
39.57 , 507.456864216
39.58 , 507.591897974
39.59 , 507.726931733
39.6 , 507.861965491
39.61 , 507.99699925
39.62 , 508.132033008
39.63 , 508.267066767
39.64 , 508.402100525
39.65 , 508.537134284
39.66 , 508.672168042
39.67 , 508.8072018
39.68 , 508.942235559
39.69 , 509.077269317
39.7 , 509.212303076
39.71 , 509.347336834
39.72 , 509.482370593
39.73 , 509.617404351
39.74 , 509.75243811
39.75 , 509.887471868
39.76 , 510.022505626
39.77 , 510.157539385
39.78 , 510.292573143
39.79 , 510.427606902
39.8 , 510.56264066
39.81 , 510.697674419
39.82 , 510.832708177
39.83 , 510.967741935
39.84 , 511.102775694
39.85 , 511.237809452
39.86 , 511.372843211
39.87 , 511.507876969
39.88 , 511.642910728
39.89 , 511.777944486
39.9 , 511.912978245
39.91 , 512.048012003
39.92 , 512.183045761
39.93 , 512.31807952
39.94 , 512.453113278
39.95 , 512.588147037
39.96 , 512.723180795
39.97 , 512.858214554
39.98 , 512.993248312
39.99 , 513.128282071
40 , 513.263315829
40.01 , 513.398349587
40.02 , 513.533383346
40.03 , 513.668417104
40.04 , 513.803450863
40.05 , 513.938484621
40.06 , 514.07351838
40.07 , 514.208552138
40.08 , 514.343585896
40.09 , 514.478619655
40.1 , 514.613653413
40.11 , 514.748687172
40.12 , 514.88372093
40.13 , 515.018754689
40.14 , 515.153788447
40.15 , 515.288822206
40.16 , 515.423855964
40.17 , 515.558889722
40.18 , 515.693923481
40.19 , 515.828957239
40.2 , 515.963990998
40.21 , 516.099024756
40.22 , 516.234058515
40.23 , 516.369092273
40.24 , 516.504126032
40.25 , 516.63915979
40.26 , 516.774193548
40.27 , 516.909227307
40.28 , 517.044261065
40.29 , 517.179294824
40.3 , 517.314328582
40.31 , 517.449362341
40.32 , 517.584396099
40.33 , 517.719429857
40.34 , 517.854463616
40.35 , 517.989497374
40.36 , 518.124531133
40.37 , 518.259564891
40.38 , 518.39459865
40.39 , 518.529632408
40.4 , 518.664666167
40.41 , 518.799699925
40.42 , 518.934733683
40.43 , 519.069767442
40.44 , 519.2048012
40.45 , 519.339834959
40.46 , 519.474868717
40.47 , 519.609902476
40.48 , 519.744936234
40.49 , 519.879969992
40.5 , 520.015003751
40.51 , 520.150037509
40.52 , 520.285071268
40.53 , 520.420105026
40.54 , 520.555138785
40.55 , 520.690172543
40.56 , 520.825206302
40.57 , 520.96024006
40.58 , 521.095273818
40.59 , 521.230307577
40.6 , 521.365341335
40.61 , 521.500375094
40.62 , 521.635408852
40.63 , 521.770442611
40.64 , 521.905476369
40.65 , 522.040510128
40.66 , 522.175543886
40.67 , 522.310577644
40.68 , 522.445611403
40.69 , 522.580645161
40.7 , 522.71567892
40.71 , 522.850712678
40.72 , 522.985746437
40.73 , 523.120780195
40.74 , 523.255813953
40.75 , 523.390847712
40.76 , 523.52588147
40.77 , 523.660915229
40.78 , 523.795948987
40.79 , 523.930982746
40.8 , 524.066016504
40.81 , 524.201050263
40.82 , 524.336084021
40.83 , 524.471117779
40.84 , 524.606151538
40.85 , 524.741185296
40.86 , 524.876219055
40.87 , 525.011252813
40.88 , 525.146286572
40.89 , 525.28132033
40.9 , 525.416354089
40.91 , 525.551387847
40.92 , 525.686421605
40.93 , 525.821455364
40.94 , 525.956489122
40.95 , 526.091522881
40.96 , 526.226556639
40.97 , 526.361590398
40.98 , 526.496624156
40.99 , 526.631657914
41 , 526.766691673
41.01 , 526.901725431
41.02 , 527.03675919
41.03 , 527.171792948
41.04 , 527.306826707
41.05 , 527.441860465
41.06 , 527.576894224
41.07 , 527.711927982
41.08 , 527.84696174
41.09 , 527.981995499
41.1 , 528.117029257
41.11 , 528.252063016
41.12 , 528.387096774
41.13 , 528.522130533
41.14 , 528.657164291
41.15 , 528.79219805
41.16 , 528.927231808
41.17 , 529.062265566
41.18 , 529.197299325
41.19 , 529.332333083
41.2 , 529.467366842
41.21 , 529.6024006
41.22 , 529.737434359
41.23 , 529.872468117
41.24 , 530.007501875
41.25 , 530.142535634
41.26 , 530.277569392
41.27 , 530.412603151
41.28 , 530.547636909
41.29 , 530.682670668
41.3 , 530.817704426
41.31 , 530.952738185
41.32 , 531.087771943
41.33 , 531.222805701
41.34 , 531.35783946
41.35 , 531.492873218
41.36 , 531.627906977
41.37 , 531.762940735
41.38 , 531.897974494
41.39 , 532.033008252
41.4 , 532.168042011
41.41 , 532.303075769
41.42 , 532.438109527
41.43 , 532.573143286
41.44 , 532.708177044
41.45 , 532.843210803
41.46 , 532.978244561
41.47 , 533.11327832
41.48 , 533.248312078
41.49 , 533.383345836
41.5 , 533.518379595
41.51 , 533.653413353
41.52 , 533.788447112
41.53 , 533.92348087
41.54 , 534.058514629
41.55 , 534.193548387
41.56 , 534.328582146
41.57 , 534.463615904
41.58 , 534.598649662
41.59 , 534.733683421
41.6 , 534.868717179
41.61 , 535.003750938
41.62 , 535.138784696
41.63 , 535.273818455
41.64 , 535.408852213
41.65 , 535.543885971
41.66 , 535.67891973
41.67 , 535.813953488
41.68 , 535.948987247
41.69 , 536.084021005
41.7 , 536.219054764
41.71 , 536.354088522
41.72 , 536.489122281
41.73 , 536.624156039
41.74 , 536.759189797
41.75 , 536.894223556
41.76 , 537.029257314
41.77 , 537.164291073
41.78 , 537.299324831
41.79 , 537.43435859
41.8 , 537.569392348
41.81 , 537.704426107
41.82 , 537.839459865
41.83 , 537.974493623
41.84 , 538.109527382
41.85 , 538.24456114
41.86 , 538.379594899
41.87 , 538.514628657
41.88 , 538.649662416
41.89 , 538.784696174
41.9 , 538.919729932
41.91 , 539.054763691
41.92 , 539.189797449
41.93 , 539.324831208
41.94 , 539.459864966
41.95 , 539.594898725
41.96 , 539.729932483
41.97 , 539.864966242
41.98 , 540
41.99 , 0
42 , 0
42.01 , 0
42.02 , 0
42.03 , 0
42.04 , 0
42.05 , 0
42.06 , 0
42.07 , 0
42.08 , 0
42.09 , 0
42.1 , 0
42.11 , 0
42.12 , 0
42.13 , 0
42.14 , 0
42.15 , 0
42.16 , 0
42.17 , 0
42.18 , 0
42.19 , 0
42.2 , 0
42.21 , 0
42.22 , 0
42.23 , 0
42.24 , 0
42.25 , 0
42.26 , 0
42.27 , 0
42.28 , 0
42.29 , 0
42.3 , 0
42.31 , 0
42.32 , 0
42.33 , 0
42.34 , 0
42.35 , 0
42.36 , 0
42.37 , 0
42.38 , 0
42.39 , 0
42.4 , 0
42.41 , 0
42.42 , 0
42.43 , 0
42.44 , 0
42.45 , 0
42.46 , 0
42.47 , 0
42.48 , 0
42.49 , 0
42.5 , 0
42.51 , 0
42.52 , 0
42.53 , 0
42.54 , 0
42.55 , 0
42.56 , 0
42.57 , 0
42.58 , 0
42.59 , 0
42.6 , 0
42.61 , 0
42.62 , 0
42.63 , 0
42.64 , 0
42.65 , 0
42.66 , 0
42.67 , 0
42.68 , 0
42.69 , 0
42.7 , 0
42.71 , 0
42.72 , 0
42.73 , 0
42.74 , 0
42.75 , 0
42.76 , 0
42.77 , 0
42.78 , 0
42.79 , 0
42.8 , 0
42.81 , 0
42.82 , 0
42.83 , 0
42.84 , 0
42.85 , 0
42.86 , 0
42.87 , 0
42.88 , 0
42.89 , 0
42.9 , 0
42.91 , 0
42.92 , 0
42.93 , 0
42.94 , 0
42.95 , 0
42.96 , 0
42.97 , 0
42.98 , 0
42.99 , 0
43 , 0
43.01 , 0
43.02 , 0
43.03 , 0
43.04 , 0
43.05 , 0
43.06 , 0
43.07 , 0
43.08 , 0
43.09 , 0
43.1 , 0
43.11 , 0
43.12 , 0
43.13 , 0
43.14 , 0
43.15 , 0
43.16 , 0
43.17 , 0
43.18 , 0
43.19 , 0
43.2 , 0
43.21 , 0
43.22 , 0
43.23 , 0
43.24 , 0
43.25 , 0
43.26 , 0
43.27 , 0
43.28 , 0
43.29 , 0
43.3 , 0
43.31 , 0
43.32 , 0
43.33 , 0
43.34 , 0
43.35 , 0
43.36 , 0
43.37 , 0
43.38 , 0
43.39 , 0
43.4 , 0
43.41 , 0
43.42 , 0
43.43 , 0
43.44 , 0
43.45 , 0
43.46 , 0
43.47 , 0
43.48 , 0
43.49 , 0
43.5 , 0
43.51 , 0
43.52 , 0
43.53 , 0
43.54 , 0
43.55 , 0
43.56 , 0
43.57 , 0
43.58 , 0
43.59 , 0
43.6 , 0
43.61 , 0
43.62 , 0
43.63 , 0
43.64 , 0
43.65 , 0
43.66 , 0
43.67 , 0
43.68 , 0
43.69 , 0
43.7 , 0
43.71 , 0
43.72 , 0
43.73 , 0
43.74 , 0
43.75 , 0
43.76 , 0
43.77 , 0
43.78 , 0
43.79 , 0
43.8 , 0
43.81 , 0
43.82 , 0
43.83 , 0
43.84 , 0
43.85 , 0
43.86 , 0
43.87 , 0
43.88 , 0
43.89 , 0
43.9 , 0
43.91 , 0
43.92 , 0
43.93 , 0
43.94 , 0
43.95 , 0
43.96 , 0
43.97 , 0
43.98 , 0
43.99 , 0
44 , 0
44.01 , 0
44.02 , 0
44.03 , 0
44.04 , 0
44.05 , 0
44.06 , 0
44.07 , 0
44.08 , 0
44.09 , 0
44.1 , 0
44.11 , 0
44.12 , 0
44.13 , 0
44.14 , 0
44.15 , 0
44.16 , 0
44.17 , 0
44.18 , 0
44.19 , 0
44.2 , 0
44.21 , 0
44.22 , 0
44.23 , 0
44.24 , 0
44.25 , 0
44.26 , 0
44.27 , 0
44.28 , 0
44.29 , 0
44.3 , 0
44.31 , 0
44.32 , 0
44.33 , 0
44.34 , 0
44.35 , 0
44.36 , 0
44.37 , 0
44.38 , 0
44.39 , 0
44.4 , 0
44.41 , 0
44.42 , 0
44.43 , 0
44.44 , 0
44.45 , 0
44.46 , 0
44.47 , 0
44.48 , 0
44.49 , 0
44.5 , 0
44.51 , 0
44.52 , 0
44.53 , 0
44.54 , 0
44.55 , 0
44.56 , 0
44.57 , 0
44.58 , 0
44.59 , 0
44.6 , 0
44.61 , 0
44.62 , 0
44.63 , 0
44.64 , 0
44.65 , 0
44.66 , 0
44.67 , 0
44.68 , 0
44.69 , 0
44.7 , 0
44.71 , 0
44.72 , 0
44.73 , 0
44.74 , 0
44.75 , 0
44.76 , 0
44.77 , 0
44.78 , 0
44.79 , 0
44.8 , 0
44.81 , 0
44.82 , 0
44.83 , 0
44.84 , 0
44.85 , 0
44.86 , 0
44.87 , 0
44.88 , 0
44.89 , 0
44.9 , 0
44.91 , 0
44.92 , 0
44.93 , 0
44.94 , 0
44.95 , 0
44.96 , 0
44.97 , 0
44.98 , 0
44.99 , 0
45 , 0
